CSV.file,ZTTol_A,A1,ZTTol_all,all1,density
UP，IVH_S1_50，VL_fxs，Gnb2_Kcnj6.csv,3.1972222222222224,360,3.3614139411959036,3027,0.9511539721539721
UP，IVH_S1_50，VL_fxs，Nptx1_Nptxr.csv,2.963888888888889,360,4.520647505781302,3027,0.6556337084673098
