CSV.file,ZTTol_A,A1,ZTTol_all,all1,density
UP，IVH_1d_1_150，cpd_HYL，Gnas_Gcgr.csv,4.0,528,4.0,3168,1.0
UP，IVH_1d_1_150，cpd_HYL，Gnas_Htr6.csv,3.25,528,3.3083964646464645,3168,0.9823490124988074
UP，IVH_1d_1_150，cpd_HYL，Gnas_Lhcgr.csv,3.1079545454545454,528,3.1521464646464645,3168,0.9859803725215301
UP，IVH_1d_1_150，cpd_HYL，Gnas_Ptgdr.csv,3.1553030303030303,528,3.194760101010101,3168,0.9876494417547672
UP，IVH_1d_1_150，cpd_HYL，Gnas_Pth1r.csv,4.054924242424242,528,3.757575757575758,3168,1.079133064516129
