CSV.file,ZTTol_A,A1,ZTTol_all,all1,density
UP，IVH_1d_1_80，cpd_HYL，Gnas_Gcgr.csv,4.0,434,4.0,3188,1.0
UP，IVH_1d_1_80，cpd_HYL，Gnas_Htr6.csv,3.3202764976958523,434,3.335633626097867,3188,0.9953960386171128
UP，IVH_1d_1_80，cpd_HYL，Gnas_Lhcgr.csv,3.1129032258064515,434,3.1442910915934754,3188,0.9900175063718044
UP，IVH_1d_1_80，cpd_HYL，Gnas_Ptgdr.csv,3.1589861751152073,434,3.1888331242158094,3188,0.9906401658732323
UP，IVH_1d_1_80，cpd_HYL，Gnas_Pth1r.csv,3.8940092165898617,434,3.690715181932246,3188,1.0550825584300934
