CSV.file,ZTTol_A,A1,ZTTol_all,all1,density
UP，IVH_3d_3_110，cpd_MB，Gnas_Gcgr.csv,3.0319148936170213,564,3.178769230769231,3250,0.9538015104302894
UP，IVH_3d_3_110，cpd_MB，Gnas_Htr6.csv,3.274822695035461,564,3.4252307692307693,3250,0.9560881924959799
UP，IVH_3d_3_110，cpd_MB，Gnas_Lhcgr.csv,3.1648936170212765,564,3.201230769230769,3250,0.9886490057015714
UP，IVH_3d_3_110，cpd_MB，Gnas_Ptgdr.csv,3.1684397163120566,564,3.217846153846154,3250,0.9846461157022551
UP，IVH_3d_3_110，cpd_MB，Gnas_Pth1r.csv,4.597517730496454,564,3.874769230769231,3250,1.1865268501638588
