CSV.file,ZTTol_A,A1,ZTTol_all,all1,density
DOWN，IVH_3d_3_50，HYL_TH，Cnp_Npr1.csv,3.7057471264367816,435,3.4695848084969425,3107,1.068066449150193
DOWN，IVH_3d_3_50，HYL_TH，Cnp_Npr2.csv,4.505747126436781,435,3.7032507241712262,3107,1.2167005320562385
DOWN，IVH_3d_3_50，HYL_TH，Cnp_Npr3.csv,3.239080459770115,435,3.3994206630189896,3107,0.9528330797676337
DOWN，IVH_3d_3_50，HYL_TH，Col2a1_Mag.csv,3.1839080459770117,435,3.3443836498229804,3107,0.9520163890723294
DOWN，IVH_3d_3_50，HYL_TH，Col3a1_Mag.csv,3.3126436781609194,435,3.4448020598648212,3107,0.9616354207274574
DOWN，IVH_3d_3_50，HYL_TH，Col9a1_Mag.csv,3.2160919540229886,435,3.306404892178951,3107,0.9726854571351529
DOWN，IVH_3d_3_50，HYL_TH，Col9a2_Mag.csv,4.050574712643678,435,3.6118442227228837,3107,1.1214699369260301
DOWN，IVH_3d_3_50，HYL_TH，Col9a3_Mag.csv,4.117241379310345,435,3.7444480205986483,3107,1.0995589621383222
DOWN，IVH_3d_3_50，HYL_TH，Lgala3_Mag.csv,4.0,435,4.0,3107,1.0
