CSV.file,ZTTol_A,A1,ZTTol_all,all1,density
UP，IVH_1d_1_20，TH_CA1，Dkk3_Kremen1.csv,3.737556561085973,442,3.732569245463228,3141,1.0013361615806073
UP，IVH_1d_1_20，TH_CA1，Icam5_Itgal.csv,3.3009049773755654,442,3.317414836039478,3141,0.9950232758096594
UP，IVH_1d_1_20，TH_CA1，Icam5_Itgb2.csv,3.563348416289593,442,3.531359439668895,3141,1.0090585444974407
