CSV.file,ZTTol_A,A1,ZTTol_all,all1,density
UP，IVH_1d_1_130，VL_fxs，Col9a3_Mag.csv,4.7373493975903616,415,3.775110549589387,3166,1.2548902437057468
UP，IVH_1d_1_130，VL_fxs，Fgf23_Kl.csv,4.0,415,4.0,3166,1.0
UP，IVH_1d_1_130，VL_fxs，Sostdc1_LrP6.csv,4.0,415,4.0,3166,1.0
