CSV.file,ZTTol_A,A1,ZTTol_all,all1,density
UP，IVH_3d_3_20，CA1_CA3，Gnas_Gcgr.csv,4.0,407,4.0,3230,1.0
UP，IVH_3d_3_20，CA1_CA3，Gnas_Htr6.csv,3.5405405405405403,407,3.3535603715170277,3230,1.0557557187911693
UP，IVH_3d_3_20，CA1_CA3，Gnas_Lhcgr.csv,3.2555282555282554,407,3.16625386996904,3230,1.0281955867171473
UP，IVH_3d_3_20，CA1_CA3，Gnas_Ptgdr.csv,3.2555282555282554,407,3.185139318885449,3230,1.0220991704273197
UP，IVH_3d_3_20，CA1_CA3，Gnas_Pth1r.csv,3.444717444717445,407,3.7120743034055725,3230,0.9279764258913551
UP，IVH_3d_3_20，CA1_CA3，Nptx1_Nptxr.csv,5.938574938574939,407,4.557585139318886,3230,1.3030091061474798
UP，IVH_3d_3_20，CA1_CA3，Nptx2_Nptxr.csv,4.393120393120393,407,4.306811145510836,3230,1.0200401746660102
