CSV.file,ZTTol_A,A1,ZTTol_all,all1,density
DOWN，IVH_3d_3_130，TH_CA1，Adcyap1_Ramp3.csv,3.7685589519650655,229,3.731103678929766,2990,1.010038657796302
DOWN，IVH_3d_3_130，TH_CA1，Adm2_Ramp3.csv,3.1615720524017465,229,3.2531772575250835,2990,0.9718413114712884
DOWN，IVH_3d_3_130，TH_CA1，Fyn_Thy1.csv,4.436681222707423,229,4.317725752508361,2990,1.027550492323408
DOWN，IVH_3d_3_130，TH_CA1，Iapp_Ramp3.csv,4.0,229,4.0,2990,1.0
DOWN，IVH_3d_3_130，TH_CA1，Ntng1_Lrrc4c.csv,4.362445414847161,229,4.05819397993311,2990,1.074972127113319
DOWN，IVH_3d_3_130，TH_CA1，Vip_Ramp3.csv,3.554585152838428,229,3.6953177257525085,2990,0.9619159749286722
