CSV.file,ZTTol_A,A1,ZTTol_all,all1,density
UP，IVH_1d_1_50，cpd_HYL，Gnas_Gcgr.csv,4.0,479,4.0,3123,1.0
UP，IVH_1d_1_50，cpd_HYL，Gnas_Htr6.csv,3.290187891440501,479,3.287223823246878,3123,1.00090169345107
UP，IVH_1d_1_50，cpd_HYL，Gnas_Lhcgr.csv,3.106471816283925,479,3.13800832532821,3123,0.9899501512504794
UP，IVH_1d_1_50，cpd_HYL，Gnas_Ptgdr.csv,3.1210855949895615,479,3.1421709894332372,3123,0.9932895458221136
UP，IVH_1d_1_50，cpd_HYL，Gnas_Pth1r.csv,4.162839248434238,479,3.691962856227986,3123,1.127540934333055
