CSV.file,ZTTol_A,A1,ZTTol_all,all1,density
UP，IVH_3d_3_130，HYL_TH，Adcyap1_Ramp3.csv,3.7237479806138936,619,3.731103678929766,2990,0.9980285462563232
UP，IVH_3d_3_130，HYL_TH，Adm2_Ramp3.csv,3.261712439418417,619,3.2531772575250835,2990,1.0026236448916488
UP，IVH_3d_3_130，HYL_TH，Cck_Cckar.csv,3.504038772213247,619,3.209364548494983,2990,1.0918169996787839
UP，IVH_3d_3_130，HYL_TH，Cck_Cckbr.csv,3.1292407108239093,619,4.462541806020067,2990,0.7012238421167271
UP，IVH_3d_3_130，HYL_TH，Iapp_Ramp3.csv,4.0,619,4.0,2990,1.0
UP，IVH_3d_3_130，HYL_TH，Ntng1_Lrrc4c.csv,4.51534733441034,619,4.05819397993311,2990,1.1126494585369142
UP，IVH_3d_3_130，HYL_TH，Vip_Ramp3.csv,3.4378029079159935,619,3.6953177257525085,2990,0.9303132133830048
