CSV.file,ZTTol_A,A1,ZTTol_all,all1,density
UP，IVH_7d_2_80，TH_CA3，Dkk3_Kremen1.csv,3.5880281690140845,568,3.616650532429816,3099,0.9920859471604789
UP，IVH_7d_2_80，TH_CA3，Icam5_Itgal.csv,3.336267605633803,568,3.3010648596321395,3099,1.0106640576597414
UP，IVH_7d_2_80，TH_CA3，Icam5_Itgb2.csv,3.6267605633802815,568,3.5340432397547596,3099,1.0262354808177039
UP，IVH_7d_2_80，TH_CA3，Nptx1_Nptxr.csv,4.318661971830986,568,4.454340109712811,3099,0.9695402383877301
