CSV.file,ZTTol_A,A1,ZTTol_all,all1,density
UP，IVH_1d_1_20，TH_CA3，Dkk3_Kremen1.csv,3.529113924050633,395,3.732569245463228,3141,0.9454918829275878
UP，IVH_1d_1_20，TH_CA3，Fyn_Thy1.csv,5.3544303797468356,395,4.223814071951608,3141,1.2676766279328264
UP，IVH_1d_1_20，TH_CA3，Icam5_Itgal.csv,3.30126582278481,395,3.317414836039478,3141,0.9951320488835976
UP，IVH_1d_1_20，TH_CA3，Icam5_Itgb2.csv,3.3620253164556964,395,3.531359439668895,3141,0.9520484600601643
UP，IVH_1d_1_20，TH_CA3，Nptx1_Nptxr.csv,4.465822784810126,395,4.479146768545049,3141,0.9970253299515679
UP，IVH_1d_1_20，TH_CA3，Nptx2_Nptxr.csv,3.837974683544304,395,4.279847182425979,3141,0.8967550755793094
