CSV.file,ZTTol_A,A1,ZTTol_all,all1,density
DOWN，IVH_3d_3_20，TH_CA1，Adcyap1_Ramp3.csv,3.769230769230769,338,3.6303405572755416,3230,1.0382581770949502
DOWN，IVH_3d_3_20，TH_CA1，Adm2_Ramp3.csv,4.0,338,4.0,3230,1.0
DOWN，IVH_3d_3_20，TH_CA1，Fyn_Thy1.csv,5.34319526627219,338,4.246439628482972,3230,1.2582765172104968
DOWN，IVH_3d_3_20，TH_CA1，Iapp_Ramp3.csv,4.0,338,4.0,3230,1.0
DOWN，IVH_3d_3_20，TH_CA1，Ntng1_Lrrc4c.csv,5.047337278106509,338,3.9102167182662537,3230,1.2908075541000812
DOWN，IVH_3d_3_20，TH_CA1，Vip_Ramp3.csv,3.4585798816568047,338,3.4538699690402477,3230,1.001363662401531
