CSV.file,ZTTol_A,A1,ZTTol_all,all1,density
UP，IVH_1d_1_80，TH_CA1，Dkk3_Kremen1.csv,3.7650862068965516,464,3.721141781681305,3188,1.0118093928674203
UP，IVH_1d_1_80，TH_CA1，Icam5_Itgal.csv,3.3405172413793105,464,3.36198243412798,3188,0.9936153168051167
UP，IVH_1d_1_80，TH_CA1，Icam5_Itgb2.csv,3.6314655172413794,464,3.5476787954830615,3188,1.023617335894387
