CSV.file,ZTTol_A,A1,ZTTol_all,all1,density
UP，IVH_1d_1_20，VL_cpd， Vip_Npr3.csv,4.0,266,4.0,3141,1.0
UP，IVH_1d_1_20，VL_cpd，Lama5_ Bcam.csv,4.0,266,4.0,3141,1.0
UP，IVH_1d_1_20，VL_cpd，Lama5_Itgb4.csv,4.345864661654136,266,3.645017510347023,3141,1.1922753866936537
UP，IVH_1d_1_20，VL_cpd，Lin7c_Htr2c.csv,4.492481203007519,266,4.003183699458771,3141,1.1222270923052822
UP，IVH_1d_1_20，VL_cpd，Nppa_Npr3.csv,3.4849624060150375,266,3.565743393823623,3141,0.9773452604726101
UP，IVH_1d_1_20，VL_cpd，Nppb_Npr3.csv,4.0,266,4.0,3141,1.0
UP，IVH_1d_1_20，VL_cpd，Nppc_Npr3.csv,3.7857142857142856,266,3.7421203438395416,3141,1.011649529643404
UP，IVH_1d_1_20，VL_cpd，Ostn_Npr3.csv,3.473684210526316,266,3.579433301496339,3141,0.9704564711610031
UP，IVH_1d_1_20，VL_cpd，Sostdc1_ Lrp6.csv,4.0,266,4.0,3141,1.0
