CSV.file,ZTTol_A,A1,ZTTol_all,all1,density
UP，IVH_1d_1_80，MB_TH，Adcyap1_Ramp3.csv,4.261083743842365,406,3.6969887076537016,3188,1.152582298945313
UP，IVH_1d_1_80，MB_TH，Adm2_Ramp3.csv,4.0,406,4.0,3188,1.0
UP，IVH_1d_1_80，MB_TH，Cck_Cckar.csv,3.4088669950738915,406,3.215809284818068,3188,1.0600339426741676
UP，IVH_1d_1_80，MB_TH，Cck_Cckbr.csv,3.3226600985221677,406,4.281053952321204,3188,0.776131330164762
UP，IVH_1d_1_80，MB_TH，Iapp_Ramp3.csv,4.0,406,4.0,3188,1.0
UP，IVH_1d_1_80，MB_TH，Ntng1_Lrrc4.csv,5.113300492610837,406,3.814617314930991,3188,1.3404491382652206
UP，IVH_1d_1_80，MB_TH，Vip_Ramp3.csv,3.4039408866995076,406,3.679422835633626,3188,0.9251290321225942
