CSV.file,ZTTol_A,A1,ZTTol_all,all1,density
UP，IVH_1d_1_20，I_RSP，Calm2_Adcy8.csv,4.026615969581749,263,4.032155364533588,3141,0.9986261950616876
UP，IVH_1d_1_20，I_RSP，Calm2_Cacna1c.csv,3.661596958174905,263,4.227316141356256,3141,0.8661753310458937
UP，IVH_1d_1_20，I_RSP，Calm2_Grm7.csv,3.9809885931558937,263,4.0671760585800705,3141,0.9788090153505018
UP，IVH_1d_1_20，I_RSP，Calm2_Kcnq3.csv,3.9277566539923954,263,4.346068131168417,3141,0.9037494432781565
UP，IVH_1d_1_20，I_RSP，Calm2_Mylk.csv,3.273764258555133,263,3.763132760267431,3141,0.8699571519561483
UP，IVH_1d_1_20，I_RSP，Calm2_Scn10a.csv,3.079847908745247,263,3.2578796561604584,3141,0.9453534917784444
UP，IVH_1d_1_20，I_RSP，Calm2_Scn4a.csv,4.0,263,4.0,3141,1.0
UP，IVH_1d_1_20，I_RSP，Calm2_Trpc5.csv,3.068441064638783,263,3.262018465456861,3141,0.9406571719725179
UP，IVH_1d_1_20，I_RSP，Hspa8_Aqp2.csv,3.193916349809886,263,3.084686405603311,3141,1.0354103885594852
