CSV.file,ZTTol_A,A1,ZTTol_all,all1,density
DOWN，IVH_S1_110，VL_fxs，Fgf23_Kl.csv,4.0,324,4.0,2791,1.0
DOWN，IVH_S1_110，VL_fxs，Rarres2_Ccrl2.csv,3.20679012345679,324,3.4166965245431746,2791,0.9385645170478083
DOWN，IVH_S1_110，VL_fxs，Sema3b_Nrp1.csv,4.092592592592593,324,3.672160515944106,2791,1.1144917480657552
DOWN，IVH_S1_110，VL_fxs，Sema3b_Nrp2.csv,4.3734567901234565,324,3.63274811895378,2791,1.2038976132986061
DOWN，IVH_S1_110，VL_fxs，Sema3b_Plxna1.csv,4.188271604938271,324,3.4521676818344678,2791,1.2132294809945736
DOWN，IVH_S1_110，VL_fxs，Tcn2_Lrp2.csv,3.367283950617284,324,3.260480114654246,2791,1.0327570885904218
