CSV.file,ZTTol_A,A1,ZTTol_all,all1,density
DOWN，IVH_7d_2_50，TH_CA1，Adcyap1_Ramp3.csv,3.7725,400,3.6082670906200316,3145,1.04551572964399
DOWN，IVH_7d_2_50，TH_CA1，Adm2_Ramp3.csv,4.0,400,4.0,3145,1.0
DOWN，IVH_7d_2_50，TH_CA1，Iapp_Ramp3.csv,4.0,400,4.0,3145,1.0
DOWN，IVH_7d_2_50，TH_CA1，Ntng1_Lrr4c.csv,4.0,400,4.0,3145,1.0
DOWN，IVH_7d_2_50，TH_CA1，Vip_Ramp3.csv,3.405,400,3.521462639109698,3145,0.9669277652370202
