CSV.file,ZTTol_A,A1,ZTTol_all,all1,density
DOWN，IVH_7d_2_50，COA_MB，Cck_Cckar.csv,3.3322981366459627,644,3.2060413354531003,3145,1.0393809024845335
DOWN，IVH_7d_2_50，COA_MB，Cck_Cckbr.csv,3.9114906832298137,644,4.098569157392687,3145,0.9543551744575457
DOWN，IVH_7d_2_50，COA_MB，Icam5_Itgal.csv,3.4736024844720497,644,3.288712241653418,3145,1.0562196474586287
DOWN，IVH_7d_2_50，COA_MB，Icam5_Itgb2.csv,3.6040372670807455,644,3.4263910969793323,3145,1.0518464369867246
DOWN，IVH_7d_2_50，COA_MB，Nov_Notch1.csv,3.7888198757763973,644,3.565659777424483,3145,1.0625859202172971
DOWN，IVH_7d_2_50，COA_MB，Nptx1_Nptxr.csv,4.650621118012422,644,4.408585055643879,3145,1.0549010758131314
DOWN，IVH_7d_2_50，COA_MB，Nptx2_Nptxr.csv,4.403726708074534,644,4.2181240063593,3145,1.044001243546993
DOWN，IVH_7d_2_50，COA_MB，Omg_Lingo1.csv,3.656832298136646,644,4.118600953895071,3145,0.8878821568470434
DOWN，IVH_7d_2_50，COA_MB，Rtn4_Lingo1.csv,3.548136645962733,644,4.297933227344992,3145,0.8255448510433376
