CSV.file,ZTTol_A,A1,ZTTol_all,all1,density
UP，IVH_1d_1_110，VL_fxs，Fgf23_Kl.csv,4.0,300,4.0,3049,1.0
UP，IVH_1d_1_110，VL_fxs，Sostdc1_Lrp6.csv,5.113333333333333,300,3.6775992128566743,3049,1.3903998335265615
