CSV.file,ZTTol_A,A1,ZTTol_all,all1,density
DOWN，IVH_3d_3_20，CA1_CA3，Clu_Lrp2.csv,3.2825552825552826,407,3.206191950464396,3230,1.023817454871916
DOWN，IVH_3d_3_20，CA1_CA3，Clu_Lrp8.csv,3.6953316953316953,407,3.8356037151702784,3230,0.9634289592316875
DOWN，IVH_3d_3_20，CA1_CA3，Clu_Vldlr.csv,3.656019656019656,407,3.832198142414861,3230,0.9540267804930916
DOWN，IVH_3d_3_20，CA1_CA3，Cst3_Lrp2.csv,3.326781326781327,407,3.23312693498452,3230,1.0289671249165648
DOWN，IVH_3d_3_20，CA1_CA3，Nov_Notch1.csv,3.506142506142506,407,3.720433436532508,3230,0.9424016222718062
DOWN，IVH_3d_3_20，CA1_CA3，Rpsa_Prnd.csv,4.0,407,4.0,3230,1.0
DOWN，IVH_3d_3_20，CA1_CA3，Trf_Tfr2.csv,3.479115479115479,407,3.4086687306501546,3230,1.0206669389230698
DOWN，IVH_3d_3_20，CA1_CA3，Trf_Tfrc.csv,3.960687960687961,407,3.9071207430340555,3230,1.0137101515865383
