CSV.file,ZTTol_A,A1,ZTTol_all,all1,density
UP，IVH_7d_2_110，VL_fxs，Calm2_Adcy8.csv,2.860215053763441,372,3.8834498834498836,3003,0.7365139604228789
UP，IVH_7d_2_110，VL_fxs，Calm2_Cacna1c.csv,2.922043010752688,372,4.101232101232101,3003,0.7124793083217215
UP，IVH_7d_2_110，VL_fxs，Calm2_Grm7.csv,3.0,372,3.995004995004995,3003,0.7509377344336083
UP，IVH_7d_2_110，VL_fxs，Calm2_Kcnq3.csv,2.763440860215054,372,4.322677322677323,3003,0.6392891844407832
UP，IVH_7d_2_110，VL_fxs，Calm2_Mylk.csv,3.045698924731183,372,3.7022977022977024,3003,0.822651004764143
UP，IVH_7d_2_110，VL_fxs，Calm2_Scn10a.csv,3.4408602150537635,372,3.2404262404262405,3003,1.0618542005761433
UP，IVH_7d_2_110，VL_fxs，Calm2_Scn4a.csv,4.0,372,4.0,3003,1.0
UP，IVH_7d_2_110，VL_fxs，Calm2_Trpc5.csv,3.4274193548387095,372,3.2144522144522143,3003,1.0662530117663571
