CSV.file,ZTTol_A,A1,ZTTol_all,all1,density
DOWN，IVH_3d_3_130，HYL_TH，Cnp_Npr1.csv,3.6591276252019385,619,3.5408026755852844,2990,1.03341754976422
DOWN，IVH_3d_3_130，HYL_TH，Cnp_Npr2.csv,4.537964458804524,619,3.763545150501672,2990,1.2057685712099464
DOWN，IVH_3d_3_130，HYL_TH，Cnp_Npr3.csv,3.243941841680129,619,3.3722408026755852,2990,0.9619543892317353
DOWN，IVH_3d_3_130，HYL_TH，Col2a1_Mag.csv,3.2891760904684975,619,3.4036789297658863,2990,0.9663590950673879
DOWN，IVH_3d_3_130，HYL_TH，Col3a1_Mag.csv,3.3505654281098547,619,3.468896321070234,2990,0.9658880283502185
DOWN，IVH_3d_3_130，HYL_TH，Col9a1_Mag.csv,3.273021001615509,619,3.3749163879598663,2990,0.9698080264424113
DOWN，IVH_3d_3_130，HYL_TH，Col9a2_Mag.csv,4.463651050080776,619,3.6839464882943145,2990,1.2116492637078091
DOWN，IVH_3d_3_130，HYL_TH，Col9a3_Mag.csv,4.369951534733441,619,3.77123745819398,2990,1.1587579894335747
DOWN，IVH_3d_3_130，HYL_TH，Lgala3_Mag.csv,4.0,619,4.0,2990,1.0
