CSV.file,ZTTol_A,A1,ZTTol_all,all1,density
UP，IVH_1d_1_50，VL_fxs，Fgf23_Kl.csv,4.0,361,4.0,3123,1.0
UP，IVH_1d_1_50，VL_fxs，Sostdc1_Lrp6.csv,4.772853185595568,361,3.6410502721741915,3123,1.3108451762039361
