CSV.file,ZTTol_A,A1,ZTTol_all,all1,density
DOWN，IVH_1d_1_20，VL_I，Col9a3_Mag.csv,4.855421686746988,249,3.792104425342248,3141,1.2804029483731247
DOWN，IVH_1d_1_20，VL_I，Fgf23_Kl.csv,4.0,249,4.0,3141,1.0
DOWN，IVH_1d_1_20，VL_I，Nptx1_Nptxr.csv,4.269076305220883,249,4.479146768545049,3141,0.9531003393772689
DOWN，IVH_1d_1_20，VL_I，Nptx2_Nptxr.csv,4.168674698795181,249,4.279847182425979,3141,0.9740241931797711
