CSV.file,ZTTol_A,A1,ZTTol_all,all1,density
UP，IVH_3d_3_50，HYL_TH，Adcyap1_Ramp3.csv,3.685057471264368,435,3.590280012874155,3107,1.0263983472181435
UP，IVH_3d_3_50，HYL_TH，Adm2_Ramp3.csv,4.0,435,4.0,3107,1.0
UP，IVH_3d_3_50，HYL_TH，Cck_Cckar.csv,3.4229885057471265,435,3.2372063083360154,3107,1.0573896686574191
UP，IVH_3d_3_50，HYL_TH，Cck_Cckbr.csv,3.1448275862068966,435,4.4357901512713225,3107,0.7089667182081576
UP，IVH_3d_3_50，HYL_TH，Iapp_Ramp3.csv,4.0,435,4.0,3107,1.0
UP，IVH_3d_3_50，HYL_TH，Ntng1_Lrrc4c.csv,4.64367816091954,435,3.8892822658513033,3107,1.193967895231464
UP，IVH_3d_3_50，HYL_TH，Vip_Ramp3.csv,3.4298850574712643,435,3.7364016736401675,3107,0.9179647578226564
