CSV.file,ZTTol_A,A1,ZTTol_all,all1,density
UP，IVH_3d_3_130，cpd_MB，Gnas_Gcgr.csv,4.0,207,4.0,2990,1.0
UP，IVH_3d_3_130，cpd_MB，Gnas_Htr6.csv,3.1594202898550723,207,3.460200668896321,2990,0.9130742960242283
UP，IVH_3d_3_130，cpd_MB，Gnas_Lhcgr.csv,3.3091787439613527,207,3.1899665551839465,2990,1.0373709839006546
UP，IVH_3d_3_130，cpd_MB，Gnas_Ptgdr.csv,3.111111111111111,207,3.2140468227424748,2990,0.9679731760897214
UP，IVH_3d_3_130，cpd_MB，Gnas_Pth1r.csv,3.314009661835749,207,3.791304347826087,2990,0.8741080530071357
