CSV.file,ZTTol_A,A1,ZTTol_all,all1,density
UP，IVH_3d_3_110，cpd_HYL，Agm_Atp1a3.csv,4.0,612,4.0,3250,1.0
UP，IVH_3d_3_110，cpd_HYL，Gnas_Gcgr.csv,3.034313725490196,612,3.178769230769231,3250,0.954556152148208
UP，IVH_3d_3_110，cpd_HYL，Gnas_Htr6.csv,3.2565359477124183,612,3.4252307692307693,3250,0.9507493559167588
UP，IVH_3d_3_110，cpd_HYL，Gnas_Lhcgr.csv,3.0784313725490198,612,3.201230769230769,3250,0.961639942405259
UP，IVH_3d_3_110，cpd_HYL，Gnas_Ptgdr.csv,3.1013071895424837,612,3.217846153846154,3250,0.9637835500108121
UP，IVH_3d_3_110，cpd_HYL，Gnas_Pth1r.csv,3.9281045751633985,612,3.874769230769231,3250,1.0137647795823905
