CSV.file,ZTTol_A,A1,ZTTol_all,all1,density
UP，IVH_1d_1_130，VL_fxs，Fgf23_Kl.csv,4.0,415,4.0,3166,1.0
UP，IVH_1d_1_130，VL_fxs，Sostdc1_Lrp6.csv,4.744578313253012,415,3.607075173720783,3166,1.315353322220581
