CSV.file,ZTTol_A,A1,ZTTol_all,all1,density
DOWN，IVH_1d_1_130，fxs_MB，Cck_Cckar.csv,3.3875338753387534,369,3.2362602653190145,3166,1.0467433387978229
DOWN，IVH_1d_1_130，fxs_MB，Cck_Cckbr.csv,3.7289972899728996,369,4.294061907770057,3166,0.8684079014383377
DOWN，IVH_1d_1_130，fxs_MB，Icam5_Itgal.csv,3.3983739837398375,369,3.310486418193304,3166,1.026548233233501
DOWN，IVH_1d_1_130，fxs_MB，Icam5_Itgb2.csv,3.4688346883468837,369,3.5360075805432722,3166,0.9810031820729106
DOWN，IVH_1d_1_130，fxs_MB，Trf_Tfr2.csv,3.6016260162601625,369,3.4273531269740998,3166,1.0508476608127983
DOWN，IVH_1d_1_130，fxs_MB，Trf_Tfrc.csv,4.929539295392954,369,3.919772583701832,3166,1.2576084938931582
DOWN，IVH_1d_1_130，fxs_MB，Vim_Cd44.csv,4.21409214092141,369,3.487681617182565,3166,1.2082789094509312
