CSV.file,ZTTol_A,A1,ZTTol_all,all1,density
DOWN，IVH_1d_1_80，TH_CA3，Adcyap1_Ramp3.csv,3.991573033707865,356,3.6969887076537016,3188,1.07968223582731
DOWN，IVH_1d_1_80，TH_CA3，Adm2_Ramp3.csv,4.0,356,4.0,3188,1.0
DOWN，IVH_1d_1_80，TH_CA3，Iapp_Ramp3.csv,4.0,356,4.0,3188,1.0
DOWN，IVH_1d_1_80，TH_CA3，Ntng1_Lrrc4c.csv,4.724719101123595,356,3.89930991217064,3188,1.21168083777508
DOWN，IVH_1d_1_80，TH_CA3，Vip_Ramp3.csv,3.558988764044944,356,3.679422835633626,3188,0.9672682165196319
