CSV.file,ZTTol_A,A1,ZTTol_all,all1,density
UP，IVH_3d_3_50，TH_CA1，Adcyap1_Ramp3.csv,3.7174515235457064,361,3.590280012874155,3107,1.0354210563564779
UP，IVH_3d_3_50，TH_CA1，Adm2_Ramp3.csv,4.0,361,4.0,3107,1.0
UP，IVH_3d_3_50，TH_CA1，Cck_Cckar.csv,3.0498614958448753,361,3.2372063083360154,3107,0.9421276265251569
UP，IVH_3d_3_50，TH_CA1，Cck_Cckbr.csv,3.8698060941828256,361,4.4357901512713225,3107,0.8724051323919635
UP，IVH_3d_3_50，TH_CA1，Iapp_Ramp3.csv,4.0,361,4.0,3107,1.0
UP，IVH_3d_3_50，TH_CA1，Vip_Ramp3.csv,3.5844875346260388,361,3.7364016736401675,3107,0.9593421285281335
