CSV.file,ZTTol_A,A1,ZTTol_all,all1,density
DOWN，IVH_1d_1_50，MB_TH，Clu_Lrp2.csv,3.2542857142857144,350,3.186039065001601,3123,1.0214205312275664
DOWN，IVH_1d_1_50，MB_TH，Clu_Lrp8.csv,3.422857142857143,350,3.7649695805315404,3123,0.9091327485238014
DOWN，IVH_1d_1_50，MB_TH，Clu_Vldlr.csv,3.3971428571428572,350,3.84149855907781,3123,0.8843275104490408
