CSV.file,ZTTol_A,A1,ZTTol_all,all1,density
UP，IVH_7d_2_110，MB_TH，Adcyap1_Ramp3.csv,4.337807606263982,447,3.670662670662671,3003,1.1817505435553604
UP，IVH_7d_2_110，MB_TH，Adm2_Ramp3.csv,4.0,447,4.0,3003,1.0
UP，IVH_7d_2_110，MB_TH，Cck_Cckar.csv,3.1476510067114094,447,3.1948051948051948,3003,0.9852403557592623
UP，IVH_7d_2_110，MB_TH，Cck_Cckbr.csv,3.0067114093959733,447,4.159507159507159,3003,0.7228528030114569
UP，IVH_7d_2_110，MB_TH，Fyn_Thy1.csv,4.655480984340045,447,4.1884781884781885,3003,1.1114970103333721
UP，IVH_7d_2_110，MB_TH，Iapp_Ramp3.csv,4.0,447,4.0,3003,1.0
UP，IVH_7d_2_110，MB_TH，Ntng1_Lrrc4c.csv,4.946308724832215,447,3.8794538794538793,3003,1.2750012961949477
UP，IVH_7d_2_110，MB_TH，Vip_Ramp3.csv,3.597315436241611,447,3.46986346986347,3003,1.0367311185252934
