CSV.file,ZTTol_A,A1,ZTTol_all,all1,density
UP，IVH_S1_80，I_RSP，Calm2_Adcy8.csv,3.626334519572954,281,4.055700325732899,3070,0.8941327584201243
UP，IVH_S1_80，I_RSP，Calm2_Cacna1c.csv,3.3843416370106763,281,4.2550488599348535,3070,0.7953708049929401
UP，IVH_S1_80，I_RSP，Calm2_Grm7.csv,3.5444839857651247,281,4.1309446254071664,3070,0.8580323163774588
UP，IVH_S1_80，I_RSP，Calm2_Kcnq3.csv,3.3843416370106763,281,4.3286644951140065,3070,0.781844294199923
UP，IVH_S1_80，I_RSP，Calm2_Mylk.csv,3.4412811387900355,281,3.7762214983713354,3070,0.9113027772005011
UP，IVH_S1_80，I_RSP，Calm2_Scn10a.csv,3.281138790035587,281,3.269055374592834,3070,1.00369630185425
UP，IVH_S1_80，I_RSP，Calm2_Scn4a.csv,4.0,281,4.0,3070,1.0
UP，IVH_S1_80，I_RSP，Calm2_Trpc5.csv,3.3096085409252667,281,3.305211726384365,3070,1.001330267137141
UP，IVH_S1_80，I_RSP，Hspa8_Aqp2.csv,3.2348754448398576,281,3.1332247557003257,3070,1.032442833523065
