CSV.file,ZTTol_A,A1,ZTTol_all,all1,density
UP¡¤IVH_1d_1_150¡¤VL_I¡¤Col9a3_Mag.csv,4.776859504132231,363,3.808080808080808,3168,1.2544007716421508
