CSV.file,ZTTol_A,A1,ZTTol_all,all1,density
DOWN，IVH_1d_1_50，VL_I，Col9a3_Mag.csv,4.324675324675325,308,3.7479987191802753,3123,1.15386254070577
DOWN，IVH_1d_1_50，VL_I，Fgf23_Kl.csv,4.0,308,4.0,3123,1.0
DOWN，IVH_1d_1_50，VL_I，Nptx1_Nptxr.csv,4.032467532467533,308,4.475504322766571,3123,0.901008521420627
DOWN，IVH_1d_1_50，VL_I，Nptx2_Nptxr.csv,4.152597402597403,308,4.266090297790586,3123,0.9733965089177878
