CSV.file,ZTTol_A,A1,ZTTol_all,all1,density
UP，IVH_1d_1_130，VL_CA1，Icam5_Itgal.csv,3.2096774193548385,372,3.310486418193304,3166,0.9695485840737924
UP，IVH_1d_1_130，VL_CA1，Icam5_Itgb2.csv,3.596774193548387,372,3.5360075805432722,3166,1.0171850912705844
