CSV.file,ZTTol_A,A1,ZTTol_all,all1,density
UP，IVH_3d_3_110，MB_TH，Adcyap1_Ramp3.csv,4.395437262357414,526,3.5824615384615384,3250,1.226932156889255
UP，IVH_3d_3_110，MB_TH，Adm2_Ramp3.csv,4.0,526,4.0,3250,1.0
UP，IVH_3d_3_110，MB_TH，Cck_Cckar.csv,3.4391634980988592,526,3.237230769230769,3250,1.0623782310447003
UP，IVH_3d_3_110，MB_TH，Cck_Cckbr.csv,2.908745247148289,526,4.414461538461539,3250,0.6589128077808558
UP，IVH_3d_3_110，MB_TH，Fyn_Thy1.csv,4.423954372623574,526,4.300923076923077,3250,1.0286057884551878
UP，IVH_3d_3_110，MB_TH，Iapp_Ramp3.csv,4.0,526,4.0,3250,1.0
UP，IVH_3d_3_110，MB_TH，Ntng1_Lrrc4c.csv,4.855513307984791,526,4.055076923076923,3250,1.1973911716329442
UP，IVH_3d_3_110，MB_TH，Vip_Ramp3.csv,3.6197718631178706,526,3.6944615384615385,3250,0.9797833393131573
