CSV.file,ZTTol_A,A1,ZTTol_all,all1,density
UP，IVH_1d_1_110，VL_cpd， Vip_Npr3.csv,4.0,324,4.0,3049,1.0
UP，IVH_1d_1_110，VL_cpd，Lama5_ Bcam.csv,4.0,324,4.0,3049,1.0
UP，IVH_1d_1_110，VL_cpd，Lama5_Itgb4.csv,4.182098765432099,324,3.64283371597245,3049,1.1480344949853667
UP，IVH_1d_1_110，VL_cpd，Lin7c_Htr2c.csv,4.185185185185185,324,4.004263693014103,3049,1.045182212272064
UP，IVH_1d_1_110，VL_cpd，Nppa_Npr3.csv,3.5555555555555554,324,3.6077402427025254,3049,0.9855353535353535
UP，IVH_1d_1_110，VL_cpd，Nppb_Npr3.csv,4.0,324,4.0,3049,1.0
UP，IVH_1d_1_110，VL_cpd，Nppc_Npr3.csv,3.7314814814814814,324,3.6979337487700885,3049,1.0090720210232405
UP，IVH_1d_1_110，VL_cpd，Ostn_Npr3.csv,3.5555555555555554,324,3.621843227287635,3049,0.981697807560345
UP，IVH_1d_1_110，VL_cpd，Sostdc1_ Lrp6.csv,4.0,324,4.0,3049,1.0
