CSV.file,ZTTol_A,A1,ZTTol_all,all1,density
DOWN，IVH_3d_3_130，CA1_CA3，Clu_Lrp2.csv,3.3737373737373737,198,3.263545150501672,2990,1.0337645775235444
DOWN，IVH_3d_3_130，CA1_CA3，Clu_Lrp8.csv,3.287878787878788,198,3.936789297658863,2990,0.8351675792844768
DOWN，IVH_3d_3_130，CA1_CA3，Clu_Vldlr.csv,3.282828282828283,198,3.9204013377926423,2990,0.8373704628609935
DOWN，IVH_3d_3_130，CA1_CA3，Cst3_Lrp2.csv,3.2626262626262625,198,3.2561872909698995,2990,1.0019774574006293
DOWN，IVH_3d_3_130，CA1_CA3，Nov_Notch1.csv,3.3434343434343434,198,3.8802675585284283,2990,0.861650464305179
DOWN，IVH_3d_3_130，CA1_CA3，Rpsa_Prnd.csv,4.0,198,4.0,2990,1.0
DOWN，IVH_3d_3_130，CA1_CA3，Trf_Tfr2.csv,3.01010101010101,198,3.496989966555184,2990,0.8607691297056255
DOWN，IVH_3d_3_130，CA1_CA3，Trf_Tfrc.csv,2.813131313131313,198,3.922742474916388,2990,0.7171338243893449
