CSV.file,ZTTol_A,A1,ZTTol_all,all1,density
UP，IVH_3d_3_20，cpd_MB，Gnas_Gcgr.csv,4.0,396,4.0,3230,1.0
UP，IVH_3d_3_20，cpd_MB，Gnas_Htr6.csv,3.553030303030303,396,3.3535603715170277,3230,1.0594800478940067
UP，IVH_3d_3_20，cpd_MB，Gnas_Lhcgr.csv,3.2222222222222223,396,3.16625386996904,3230,1.017676520756603
UP，IVH_3d_3_20，cpd_MB，Gnas_Ptgdr.csv,3.2222222222222223,396,3.185139318885449,3230,1.0116424745118369
UP，IVH_3d_3_20，cpd_MB，Gnas_Pth1r.csv,3.878787878787879,396,3.7120743034055725,3230,1.0449111633431902
