CSV.file,ZTTol_A,A1,ZTTol_all,all1,density
UP，IVH_3d_3_20，CA1_DG，Clu_Lrp2.csv,3.326530612244898,147,3.206191950464396,3230,1.0375332056345135
UP，IVH_3d_3_20，CA1_DG，Clu_Lrp8.csv,4.170068027210885,147,3.8356037151702784,3230,1.0871999134628427
UP，IVH_3d_3_20，CA1_DG，Clu_Vldlr.csv,4.108843537414966,147,3.832198142414861,3230,1.072189741949454
UP，IVH_3d_3_20，CA1_DG，Cst3_Lrp2.csv,3.3877551020408165,147,3.23312693498452,3230,1.0478261974137544
UP，IVH_3d_3_20，CA1_DG，Sema5a_Met.csv,3.6122448979591835,147,3.476470588235294,3230,1.0390552159950273
UP，IVH_3d_3_20，CA1_DG，Sema5a_Plxna1.csv,5.149659863945578,147,3.7962848297213623,3230,1.3564998662978485
UP，IVH_3d_3_20，CA1_DG，Sema5a_Plxnb3.csv,4.136054421768708,147,3.551393188854489,3230,1.1646286969150839
