CSV.file,ZTTol_A,A1,ZTTol_all,all1,density
UP，IVH_1d_1_80，VL_cpd， Vip_Npr3.csv,4.0,400,4.0,3188,1.0
UP，IVH_1d_1_80，VL_cpd，Lama5_ Bcam.csv,4.0,400,4.0,3188,1.0
UP，IVH_1d_1_80，VL_cpd，Lama5_Itgb4.csv,4.095,400,3.620138017565872,3188,1.1311723420847413
UP，IVH_1d_1_80，VL_cpd，Lin7c_Htr2c.csv,4.3275,400,3.93099121706399,3188,1.1008673795084583
UP，IVH_1d_1_80，VL_cpd，Nppa_Npr3.csv,3.56,400,3.603513174404015,3188,0.987924791086351
UP，IVH_1d_1_80，VL_cpd，Nppb_Npr3.csv,3.5075,400,3.595357590966123,3188,0.9755636014657127
UP，IVH_1d_1_80，VL_cpd，Nppc_Npr3.csv,3.8825,400,3.7123588456712673,3188,1.0458310097169412
UP，IVH_1d_1_80，VL_cpd，Ostn_Npr3.csv,3.5,400,3.617314930991217,3188,0.9675685050294832
UP，IVH_1d_1_80，VL_cpd，Sostdc1_ Lrp6.csv,4.0,400,4.0,3188,1.0
