CSV.file,ZTTol_A,A1,ZTTol_all,all1,density
DOWN，IVH_3d_3_20，HYL_TH，Cnp_Npr1.csv,3.5649241146711637,593,3.512693498452012,3230,1.0148691072085192
DOWN，IVH_3d_3_20，HYL_TH，Cnp_Npr2.csv,4.477234401349072,593,3.7188854489164087,3230,1.2039183413551036
DOWN，IVH_3d_3_20，HYL_TH，Cnp_Npr3.csv,3.2293423271500843,593,3.405263157894737,3230,0.9483385504768408
DOWN，IVH_3d_3_20，HYL_TH，Col2a1_Mag.csv,3.0489038785834737,593,3.31671826625387,3230,0.9192531996475889
DOWN，IVH_3d_3_20，HYL_TH，Col3a1_Mag.csv,3.369308600337268,593,3.4325077399380803,3230,0.9815880561999979
DOWN，IVH_3d_3_20，HYL_TH，Col9a1_Mag.csv,3.2276559865092747,593,3.3625386996904023,3230,0.9598866436262736
DOWN，IVH_3d_3_20，HYL_TH，Col9a2_Mag.csv,4.033726812816189,593,3.63343653250774,3230,1.110168507617271
DOWN，IVH_3d_3_20，HYL_TH，Col9a3_Mag.csv,4.305227655986509,593,3.788544891640867,3230,1.1363802671272718
DOWN，IVH_3d_3_20，HYL_TH，Lgala3_Mag.csv,4.0,593,4.0,3230,1.0
