CSV.file,ZTTol_A,A1,ZTTol_all,all1,density
UP，IVH_7d_2_50，CA1_DG，Calm2_Adcy8.csv,3.3873517786561265,253,3.855961844197138,3145,0.8784712908281948
UP，IVH_7d_2_50，CA1_DG，Calm2_Cacna1c.csv,4.454545454545454,253,4.032114467408585,3145,1.1047666157673255
UP，IVH_7d_2_50，CA1_DG，Calm2_Grm7.csv,4.031620553359684,253,3.9675675675675675,3145,1.0161441449203563
UP，IVH_7d_2_50，CA1_DG，Calm2_Kcnq3.csv,4.229249011857707,253,4.272813990461049,3145,0.9898041481092787
UP，IVH_7d_2_50，CA1_DG，Calm2_Mylk.csv,3.8102766798418974,253,3.6492845786963435,3145,1.0441160719789813
UP，IVH_7d_2_50，CA1_DG，Calm2_Scn10a.csv,3.130434782608696,253,3.272496025437202,3145,0.9565893306747326
UP，IVH_7d_2_50，CA1_DG，Calm2_Scn4a.csv,4.0,253,4.0,3145,1.0
UP，IVH_7d_2_50，CA1_DG，Calm2_Trpc5.csv,3.217391304347826,253,3.2356120826709063,3145,0.9943686765108012
UP，IVH_7d_2_50，CA1_DG，Nptx1_Nptxr.csv,5.387351778656127,253,4.408585055643879,3145,1.222013800495746
