CSV.file,ZTTol_A,A1,ZTTol_all,all1,density
UP，IVH_3d_3_50，CA1_DG，Clu_Lrp2.csv,3.021276595744681,282,3.1799163179916317,3107,0.9501119820828668
UP，IVH_3d_3_50，CA1_DG，Clu_Lrp8.csv,4.301418439716312,282,3.7985194721596396,3107,1.1323934157090816
UP，IVH_3d_3_50，CA1_DG，Clu_Vldlr.csv,4.290780141843972,282,3.83199227550692,3107,1.119725676189251
UP，IVH_3d_3_50，CA1_DG，Cst3_Lrp2.csv,3.0390070921985815,282,3.1886063727067913,3107,0.9530831770930647
UP，IVH_3d_3_50，CA1_DG，Dsp_Itgav.csv,4.50354609929078,282,3.272288381074992,3107,1.3762680958489675
UP，IVH_3d_3_50，CA1_DG，Dsp_Itgb6.csv,3.75177304964539,282,3.8921789507563567,3107,0.9639261444842658
UP，IVH_3d_3_50，CA1_DG，Sema5a_ Plxna1.csv,4.0,282,4.0,3107,1.0
UP，IVH_3d_3_50，CA1_DG，Sema5a_Met.csv,3.5673758865248226,282,3.5358867074348246,3107,1.008905596161717
UP，IVH_3d_3_50，CA1_DG，Sema5a_Plxnb3.csv,3.726950354609929,282,3.578693273253943,3107,1.0414277139826467
