CSV.file,ZTTol_A,A1,ZTTol_all,all1,density
DOWN，IVH_3d_3_110，CA1_CA3，Clu_Lrp2.csv,3.3136246786632393,389,3.293230769230769,3250,1.0061926754793542
DOWN，IVH_3d_3_110，CA1_CA3，Clu_Lrp8.csv,3.3958868894601544,389,3.9243076923076923,3250,0.8653467453932493
DOWN，IVH_3d_3_110，CA1_CA3，Clu_Vldlr.csv,3.532133676092545,389,3.9341538461538463,3250,0.897812798944218
DOWN，IVH_3d_3_110，CA1_CA3，Cst3_Lrp2.csv,3.359897172236504,389,3.2766153846153845,3250,1.0254170165995529
DOWN，IVH_3d_3_110，CA1_CA3，Nov_Notch1.csv,3.6375321336760926,389,3.836,3250,0.9482617658175424
DOWN，IVH_3d_3_110，CA1_CA3，Rpsa_Prnd.csv,4.0,389,4.0,3250,1.0
DOWN，IVH_3d_3_110，CA1_CA3，Trf_Tfr2.csv,3.442159383033419,389,3.4673846153846153,3250,0.9927249973252829
DOWN，IVH_3d_3_110，CA1_CA3，Trf_Tfrc.csv,3.5809768637532136,389,3.8796923076923076,3250,0.9230053776824446
