CSV.file,ZTTol_A,A1,ZTTol_all,all1,density
DOWN，IVH_1d_1_50，fxs_MB，Cck_Cckar.csv,3.2890855457227137,339,3.223823246878002,3123,1.020243758372272
DOWN，IVH_1d_1_50，fxs_MB，Cck_Cckbr.csv,3.7492625368731565,339,4.317323086775536,3123,0.8684229698624095
DOWN，IVH_1d_1_50，fxs_MB，Icam5_Itgal.csv,3.3805309734513274,339,3.314121037463977,3123,1.0200384763370527
DOWN，IVH_1d_1_50，fxs_MB，Icam5_Itgb2.csv,3.3156342182890857,339,3.493756003842459,3123,0.9490171078468348
DOWN，IVH_1d_1_50，fxs_MB，Trf_Tfr2.csv,3.607669616519174,339,3.4425232148575087,3123,1.0479724874327394
DOWN，IVH_1d_1_50，fxs_MB，Trf_Tfrc.csv,5.005899705014749,339,3.9670188920909384,3123,1.2618794720123545
DOWN，IVH_1d_1_50，fxs_MB，Vim_Cd44.csv,4.32448377581121,339,3.5299391610630804,3123,1.2250873396097977
