CSV.file,ZTTol_A,A1,ZTTol_all,all1,density
UP，IVH_1d_1_130，cpd_HYL，Gnas_Gcgr.csv,4.0,418,4.0,3166,1.0
UP，IVH_1d_1_130，cpd_HYL，Gnas_Htr6.csv,3.1985645933014353,418,3.308591282375237,3166,0.966745155359651
UP，IVH_1d_1_130，cpd_HYL，Gnas_Lhcgr.csv,3.2033492822966507,418,3.1301326595072645,3166,1.0233909008830673
UP，IVH_1d_1_130，cpd_HYL，Gnas_Ptgdr.csv,3.15311004784689,418,3.144346178142767,3166,1.0027871834739581
UP，IVH_1d_1_130，cpd_HYL，Gnas_Pth1r.csv,3.825358851674641,418,3.639924194567277,3166,1.0509446480737517
