CSV.file,ZTTol_A,A1,ZTTol_all,all1,density
UP，IVH_3d_3_110，CA1_CA3，Gnas_Gcgr.csv,3.159383033419023,389,3.178769230769231,3250,0.9939013511384982
UP，IVH_3d_3_110，CA1_CA3，Gnas_Htr6.csv,3.796915167095116,389,3.4252307692307693,3250,1.1085136806556886
UP，IVH_3d_3_110，CA1_CA3，Gnas_Lhcgr.csv,3.1002570694087406,389,3.201230769230769,3250,0.9684578504016155
UP，IVH_3d_3_110，CA1_CA3，Gnas_Ptgdr.csv,3.210796915167095,389,3.217846153846154,3250,0.9978093301102562
UP，IVH_3d_3_110，CA1_CA3，Gnas_Pth1r.csv,3.6041131105398456,389,3.874769230769231,3250,0.9301490994405224
UP，IVH_3d_3_110，CA1_CA3，Nptx1_Nptxr.csv,6.120822622107969,389,4.463692307692308,3250,1.371246537661191
UP，IVH_3d_3_110，CA1_CA3，Nptx2_Nptxr.csv,4.840616966580977,389,4.318461538461539,3250,1.1209123720262326
