CSV.file,ZTTol_A,A1,ZTTol_all,all1,density
DOWN，IVH_3d_3_20，V-VIa-VIb_RSP，Nptx1_Nptxr.csv,3.0265486725663715,113,4.557585139318886,3230,0.664068488036776
DOWN，IVH_3d_3_20，V-VIa-VIb_RSP，Rtn4_Cntnap1.csv,4.761061946902655,113,4.170278637770898,3230,1.1416651884554991
DOWN，IVH_3d_3_20，V-VIa-VIb_RSP，Rtn4_Lingo1.csv,4.442477876106195,113,4.291950464396285,3230,1.035072029129554
DOWN，IVH_3d_3_20，V-VIa-VIb_RSP，Rtn4_Ngfr.csv,3.079646017699115,113,3.198142414860681,3230,0.9629483675864609
DOWN，IVH_3d_3_20，V-VIa-VIb_RSP，Rtn4_Rtn4r.csv,4.451327433628318,113,4.273374613003096,3230,1.0416422234745684
DOWN，IVH_3d_3_20，V-VIa-VIb_RSP，Rtn4_Rtn4rl2.csv,4.0,113,4.0,3230,1.0
DOWN，IVH_3d_3_20，V-VIa-VIb_RSP，Rtn4_S1pr2.csv,3.2831858407079646,113,3.3687306501547987,3230,0.9746062186827246
