CSV.file,ZTTol_A,A1,ZTTol_all,all1,density
UP，IVH_7d_2_50，MB_TH，Adcyap1_Ramp3.csv,4.124074074074074,540,3.6082670906200316,3145,1.1429514419248294
UP，IVH_7d_2_50，MB_TH，Adm2_Ramp3.csv,4.0,540,4.0,3145,1.0
UP，IVH_7d_2_50，MB_TH，Cck_Cckar.csv,3.172222222222222,540,3.2060413354531003,3145,0.9894514419209449
UP，IVH_7d_2_50，MB_TH，Cck_Cckbr.csv,3.0314814814814817,540,4.098569157392687,3145,0.7396438525414476
UP，IVH_7d_2_50，MB_TH，Fyn_Thy1.csv,4.557407407407408,540,4.191096979332274,3145,1.0874020405353384
UP，IVH_7d_2_50，MB_TH，Iapp_Ramp3.csv,4.0,540,4.0,3145,1.0
UP，IVH_7d_2_50，MB_TH，Ntng1_Lrrc4c.csv,4.907407407407407,540,3.808585055643879,3145,1.2885119632907243
UP，IVH_7d_2_50，MB_TH，Vip_Ramp3.csv,3.3203703703703704,540,3.521462639109698,3145,0.9428952428726695
