CSV.file,ZTTol_A,A1,ZTTol_all,all1,density
UP，IVH_S1_50，CA1_DG，Calm2_Adcy8.csv,3.7043478260869565,230,4.030723488602577,3027,0.9190280197988047
UP，IVH_S1_50，CA1_DG，Calm2_Cacna1c.csv,4.465217391304348,230,4.242814667988107,3027,1.0524186750352926
UP，IVH_S1_50，CA1_DG，Calm2_Grm7.csv,4.004347826086956,230,4.140403039312851,3027,0.9671396209658675
UP，IVH_S1_50，CA1_DG，Calm2_Kcnq3.csv,4.869565217391305,230,4.309547406673274,3027,1.1299481727131835
UP，IVH_S1_50，CA1_DG，Calm2_Mylk.csv,3.4956521739130433,230,3.70399735711926,3027,0.9437512602956458
UP，IVH_S1_50，CA1_DG，Calm2_Scn10a.csv,3.017391304347826,230,3.265609514370664,3027,0.9239902355347365
UP，IVH_S1_50，CA1_DG，Calm2_Scn4a.csv,4.0,230,4.0,3027,1.0
UP，IVH_S1_50，CA1_DG，Calm2_Trpc5.csv,3.017391304347826,230,3.280806078625702,3027,0.9197103492358141
