CSV.file,ZTTol_A,A1,ZTTol_all,all1,density
UP，IVH_S1_50，CA3_DG，Calm2_Adcy8.csv,3.515,200,4.030723488602577,3027,0.8720518809933612
UP，IVH_S1_50，CA3_DG，Calm2_Cacna1c.csv,5.16,200,4.242814667988107,3027,1.2161737911702875
UP，IVH_S1_50，CA3_DG，Calm2_Grm7.csv,4.54,200,4.140403039312851,3027,1.0965116093513125
UP，IVH_S1_50，CA3_DG，Calm2_Kcnq3.csv,4.86,200,4.309547406673274,3027,1.1277286316596398
UP，IVH_S1_50，CA3_DG，Calm2_Mylk.csv,4.085,200,3.70399735711926,3027,1.1028625579735996
UP，IVH_S1_50，CA3_DG，Calm2_Scn10a.csv,3.115,200,3.265609514370664,3027,0.9538801213960547
UP，IVH_S1_50，CA3_DG，Calm2_Scn4a.csv,4.0,200,4.0,3027,1.0
UP，IVH_S1_50，CA3_DG，Calm2_Trpc5.csv,3.225,200,3.280806078625702,3027,0.9829901319101803
