CSV.file,ZTTol_A,A1,ZTTol_all,all1,density
UP，IVH_1d_1_50，VL_cpd， Vip_Npr3.csv,4.0,257,4.0,3123,1.0
UP，IVH_1d_1_50，VL_cpd，Lama5_ Bcam.csv,4.0,257,4.0,3123,1.0
UP，IVH_1d_1_50，VL_cpd，Lama5_Itgb4.csv,4.443579766536965,257,3.7009285943003523,3123,1.2006661715603861
UP，IVH_1d_1_50，VL_cpd，Lin7c_Htr2c.csv,4.692607003891051,257,3.9330771693884086,3123,1.1931133821665514
UP，IVH_1d_1_50，VL_cpd，Nppa_Npr3.csv,3.5486381322957197,257,3.63720781300032,3123,0.9756489908583091
UP，IVH_1d_1_50，VL_cpd，Nppb_Npr3.csv,3.4785992217898833,257,3.595260967018892,3123,0.967551244179712
UP，IVH_1d_1_50，VL_cpd，Nppc_Npr3.csv,3.7509727626459144,257,3.6977265449887926,3123,1.014399717504606
UP，IVH_1d_1_50，VL_cpd，Ostn_Npr3.csv,3.4785992217898833,257,3.6352865834133845,3123,0.9568982092530438
UP，IVH_1d_1_50，VL_cpd，Sostdc1_ Lrp6.csv,4.0,257,4.0,3123,1.0
