CSV.file,ZTTol_A,A1,ZTTol_all,all1,density
UP，IVH_1d_1_110，I_RSP，Calm2_Adcy8.csv,4.128630705394191,241,3.908822564775336,3049,1.0562338497018702
UP，IVH_1d_1_110，I_RSP，Calm2_Cacna1c.csv,3.995850622406639,241,4.282387668087898,3049,0.9330894192937
UP，IVH_1d_1_110，I_RSP，Calm2_Grm7.csv,3.925311203319502,241,4.078058379796655,3049,0.9625441417823034
UP，IVH_1d_1_110，I_RSP，Calm2_Kcnq3.csv,4.29045643153527,241,4.37028533945556,3049,0.9817337080488582
UP，IVH_1d_1_110，I_RSP，Calm2_Mylk.csv,3.6099585062240664,241,3.8707773040341094,3049,0.9326184956343991
UP，IVH_1d_1_110，I_RSP，Calm2_Scn10a.csv,3.1493775933609958,241,3.3079698261725157,3049,0.9520575334282844
UP，IVH_1d_1_110，I_RSP，Calm2_Scn4a.csv,4.0,241,4.0,3049,1.0
UP，IVH_1d_1_110，I_RSP，Calm2_Trpc5.csv,3.074688796680498,241,3.2774680223023944,3049,0.9381293046211187
UP，IVH_1d_1_110，I_RSP，Hspa8_Aqp2.csv,3.224066390041494,241,3.105608396195474,3049,1.0381432488368905
