CSV.file,ZTTol_A,A1,ZTTol_all,all1,density
UP，IVH_3d_3_110，HYL_TH，Adcyap1_Ramp3.csv,3.4965156794425085,574,3.5824615384615384,3250,0.9760092723686467
UP，IVH_3d_3_110，HYL_TH，Adm2_Ramp3.csv,4.0,574,4.0,3250,1.0
UP，IVH_3d_3_110，HYL_TH，Cck_Cckar.csv,3.562717770034843,574,3.237230769230769,3250,1.1005448866660241
UP，IVH_3d_3_110，HYL_TH，Cck_Cckbr.csv,3.083623693379791,574,4.414461538461539,3250,0.6985277063835171
UP，IVH_3d_3_110，HYL_TH，Iapp_Ramp3.csv,4.0,574,4.0,3250,1.0
UP，IVH_3d_3_110，HYL_TH，Ntng1_Lrrc4c.csv,4.735191637630662,574,4.055076923076923,3250,1.1677193127171752
UP，IVH_3d_3_110，HYL_TH，Vip_Ramp3.csv,3.6097560975609757,574,3.6944615384615385,3250,0.9770723175708479
