CSV.file,ZTTol_A,A1,ZTTol_all,all1,density
UP，IVH_1d_1_150，VL_fxs，Col9a3_Mag.csv,5.150851581508515,411,3.808080808080808,3168,1.352610892756878
UP，IVH_1d_1_150，VL_fxs，Fgf23_Kl.csv,4.0,411,4.0,3168,1.0
UP，IVH_1d_1_150，VL_fxs，Sostdc1_LrP6.csv,4.0,411,4.0,3168,1.0
