CSV.file,ZTTol_A,A1,ZTTol_all,all1,density
UP¡¤IVH_1d_1_130¡¤VL_CA3¡¤Fyn_Thy1.csv,4.093220338983051,354,4.1907770056854075,3166,0.9767211028957145
