CSV.file,ZTTol_A,A1,ZTTol_all,all1,density
UP，IVH_3d_3_150，cpd_HYL，Agm_Atp1a3.csv,4.0,633,4.0,3066,1.0
UP，IVH_3d_3_150，cpd_HYL，Gnas_Gcgr.csv,3.09478672985782,633,3.2100456621004567,3066,0.9640943013355087
UP，IVH_3d_3_150，cpd_HYL，Gnas_Htr6.csv,3.2164296998420223,633,3.455968688845401,3066,0.9306883219814686
UP，IVH_3d_3_150，cpd_HYL，Gnas_Lhcgr.csv,3.1658767772511847,633,3.2129810828440966,3066,0.9853393766168036
UP，IVH_3d_3_150，cpd_HYL，Gnas_Ptgdr.csv,3.1342812006319116,633,3.2517938682322245,3066,0.9638622027219098
UP，IVH_3d_3_150，cpd_HYL，Gnas_Pth1r.csv,4.067930489731437,633,3.8724722765818655,3066,1.050473754023127
