CSV.file,ZTTol_A,A1,ZTTol_all,all1,density
UP，IVH_1d_1_80，TH_CA3，Dkk3_Kremen1.csv,3.696629213483146,356,3.721141781681305,3188,0.9934126218144036
UP，IVH_1d_1_80，TH_CA3，Fyn_Thy1.csv,5.429775280898877,356,4.191656210790464,3188,1.295377055713958
UP，IVH_1d_1_80，TH_CA3，Icam5_Itgal.csv,3.311797752808989,356,3.36198243412798,3188,0.9850728900872416
UP，IVH_1d_1_80，TH_CA3，Icam5_Itgb2.csv,3.356741573033708,356,3.5476787954830615,3188,0.9461796759355845
UP，IVH_1d_1_80，TH_CA3，Nptx1_Nptxr.csv,4.808988764044944,356,4.570263488080301,3188,1.0522344666969994
UP，IVH_1d_1_80，TH_CA3，Nptx2_Nptxr.csv,3.859550561797753,356,4.364178168130489,3188,0.8843705305118406
