CSV.file,ZTTol_A,A1,ZTTol_all,all1,density
UP，IVH_S1_110，I_RSP，Calm2_Adcy8.csv,4.1808219178082195,365,3.9842350412038696,2791,1.0493411845865774
UP，IVH_S1_110，I_RSP，Calm2_Cacna1c.csv,3.835616438356164,365,4.168756718022214,2791,0.9200864185175809
UP，IVH_S1_110，I_RSP，Calm2_Grm7.csv,4.095890410958904,365,4.076675026872089,2791,1.004713494198128
UP，IVH_S1_110，I_RSP，Calm2_Kcnq3.csv,4.427397260273972,365,4.321390182730204,2791,1.02453078131371
UP，IVH_S1_110，I_RSP，Calm2_Mylk.csv,3.5287671232876714,365,3.6320315299175925,2791,0.9715684167994367
UP，IVH_S1_110，I_RSP，Calm2_Scn10a.csv,3.1205479452054794,365,3.212110354711573,2791,0.9714946252167866
UP，IVH_S1_110，I_RSP，Calm2_Scn4a.csv,4.0,365,4.0,2791,1.0
UP，IVH_S1_110，I_RSP，Calm2_Trpc5.csv,3.117808219178082,365,3.186313149408814,2791,0.9785002518526962
UP，IVH_S1_110，I_RSP，Hspa8_Aqp2.csv,3.1342465753424658,365,3.1053385883195985,2791,1.0093091256237248
