CSV.file,ZTTol_A,A1,ZTTol_all,all1,density
UP，IVH_1d_1_130，MB_TH，Adcyap1_Ramp3.csv,4.117808219178082,365,3.563802905874921,3166,1.1554534097241698
UP，IVH_1d_1_130，MB_TH，Adm2_Ramp3.csv,4.0,365,4.0,3166,1.0
UP，IVH_1d_1_130，MB_TH，Cck_Cckar.csv,3.4356164383561643,365,3.2362602653190145,3166,1.0616007850708196
UP，IVH_1d_1_130，MB_TH，Cck_Cckbr.csv,3.1835616438356165,365,4.294061907770057,3166,0.7413869925990115
UP，IVH_1d_1_130，MB_TH，Iapp_Ramp3.csv,4.0,365,4.0,3166,1.0
UP，IVH_1d_1_130，MB_TH，Ntng1_Lrrc4.csv,4.69041095890411,365,3.67877447883765,3166,1.2749927960754195
UP，IVH_1d_1_130，MB_TH，Vip_Ramp3.csv,3.712328767123288,365,3.7469993682880607,3166,0.9907471024793332
