CSV.file,ZTTol_A,A1,ZTTol_all,all1,density
DOWN，IVH_1d_1_110，fxs_MB，Cck_Cckar.csv,3.335423197492163,319,3.233847163004264,3049,1.0314102767904265
DOWN，IVH_1d_1_110，fxs_MB，Cck_Cckbr.csv,3.9310344827586206,319,4.361102000655952,3049,0.9013855860668598
DOWN，IVH_1d_1_110，fxs_MB，Icam5_Itgal.csv,3.3605015673981193,319,3.384716300426369,3049,0.9928458603679134
DOWN，IVH_1d_1_110，fxs_MB，Icam5_Itgb2.csv,3.45141065830721,319,3.5565759265332897,3049,0.970430754074021
DOWN，IVH_1d_1_110，fxs_MB，Trf_Tfr2.csv,3.74294670846395,319,3.460150869137422,3049,1.081729337830008
DOWN，IVH_1d_1_110，fxs_MB，Trf_Tfrc.csv,4.884012539184953,319,3.9406362741882583,3049,1.2393969398231313
DOWN，IVH_1d_1_110，fxs_MB，Vim_Cd44.csv,3.915360501567398,319,3.4394883568383077,3049,1.1383555038885282
