CSV.file,ZTTol_A,A1,ZTTol_all,all1,density
DOWN，IVH_7d_2_80，COA_MB，Cck_Cckar.csv,3.3491379310344827,464,3.1958696353662472,3099,1.0479582439696953
DOWN，IVH_7d_2_80，COA_MB，Cck_Cckbr.csv,3.2456896551724137,464,4.097128105840594,3099,0.7921865197589438
DOWN，IVH_7d_2_80，COA_MB，Icam5_Itgal.csv,3.586206896551724,464,3.3010648596321395,3099,1.0863788047325311
DOWN，IVH_7d_2_80，COA_MB，Icam5_Itgb2.csv,3.4741379310344827,464,3.5340432397547596,3099,0.9830490730712073
DOWN，IVH_7d_2_80，COA_MB，Nov_Notch1.csv,3.2607758620689653,464,3.590190383994837,3099,0.9082459461218518
DOWN，IVH_7d_2_80，COA_MB，Nptx1_Nptxr.csv,3.898706896551724,464,4.454340109712811,3099,0.8752602631421177
DOWN，IVH_7d_2_80，COA_MB，Nptx2_Nptxr.csv,3.5732758620689653,464,4.249112616973217,3099,0.8409463773201492
DOWN，IVH_7d_2_80，COA_MB，Omg_Lingo1.csv,3.1702586206896552,464,4.145530816392385,3099,0.7647412987870508
DOWN，IVH_7d_2_80，COA_MB，Rtn4_Lingo1.csv,3.0301724137931036,464,4.296547273313973,3099,0.7052575524104264
