CSV.file,ZTTol_A,A1,ZTTol_all,all1,density
UP，IVH_7d_2_50，I_RSP，Calm2_Adcy8.csv,3.7920353982300883,226,3.855961844197138,3145,0.983421400794395
UP，IVH_7d_2_50，I_RSP，Calm2_Cacna1c.csv,3.393805309734513,226,4.032114467408585,3145,0.8416936912794768
UP，IVH_7d_2_50，I_RSP，Calm2_Grm7.csv,3.8230088495575223,226,3.9675675675675675,3145,0.9635649007740349
UP，IVH_7d_2_50，I_RSP，Calm2_Kcnq3.csv,3.7035398230088497,226,4.272813990461049,3145,0.8667683244056282
UP，IVH_7d_2_50，I_RSP，Calm2_Mylk.csv,3.2920353982300883,226,3.6492845786963435,3145,0.9021043240771655
UP，IVH_7d_2_50，I_RSP，Calm2_Scn10a.csv,3.0929203539823007,226,3.272496025437202,3145,0.9451257785925317
UP，IVH_7d_2_50，I_RSP，Calm2_Scn4a.csv,4.0,226,4.0,3145,1.0
UP，IVH_7d_2_50，I_RSP，Calm2_Trpc5.csv,3.0973451327433628,226,3.2356120826709063,3145,0.9572671425390994
