CSV.file,ZTTol_A,A1,ZTTol_all,all1,density
UP，IVH_1d_1_130，TH_CA3，Dkk3_Kremen1.csv,3.6784565916398715,311,3.695198989260897,3166,0.9954691485709747
UP，IVH_1d_1_130，TH_CA3，Fyn_Thy1.csv,5.315112540192926,311,4.1907770056854075,3166,1.268288084281791
UP，IVH_1d_1_130，TH_CA3，Icam5_Itgal.csv,3.379421221864952,311,3.310486418193304,3166,1.020823164624028
UP，IVH_1d_1_130，TH_CA3，Icam5_Itgb2.csv,3.2218649517684885,311,3.5360075805432722,3166,0.9111589492897754
UP，IVH_1d_1_130，TH_CA3，Nptx1_Nptxr.csv,4.726688102893891,311,4.4684144030322175,3166,1.0577998539451514
UP，IVH_1d_1_130，TH_CA3，Nptx2_Nptxr.csv,4.016077170418006,311,4.26310802274163,3166,0.9420538135543756
