CSV.file,ZTTol_A,A1,ZTTol_all,all1,density
DOWN，IVH_7d_2_80，VL_COA，Amelx_Cd63.csv,4.0,195,4.0,3099,1.0
DOWN，IVH_7d_2_80，VL_COA，Clu_Lrp2.csv,3.312820512820513,195,3.22458857696031,3099,1.027362230484416
DOWN，IVH_7d_2_80，VL_COA，Clu_Lrp8.csv,4.635897435897436,195,3.744433688286544,3099,1.2380770556572005
DOWN，IVH_7d_2_80，VL_COA，Clu_Vldlr.csv,4.953846153846154,195,3.824782187802517,3099,1.2951969316434009
DOWN，IVH_7d_2_80，VL_COA，Fgf23_Kl.csv,4.0,195,4.0,3099,1.0
DOWN，IVH_7d_2_80，VL_COA，Sostdc1_Lrp6.csv,5.512820512820513,195,3.6050338818973864,3099,1.529200749125561
DOWN，IVH_7d_2_80，VL_COA，Timp1_Cd63.csv,3.364102564102564,195,3.196837689577283,3099,1.0523219790202731
DOWN，IVH_7d_2_80，VL_COA，Trf_Tfr2.csv,3.3076923076923075,195,3.424975798644724,3099,0.9657564030090882
DOWN，IVH_7d_2_80，VL_COA，Trf_Tfrc.csv,3.41025641025641,195,3.8809293320425944,3099,0.8787215943614047
