CSV.file,ZTTol_A,A1,ZTTol_all,all1,density
UP，IVH_1d_1_150，TH_CA3，Dkk3_Kremen1.csv,3.8727810650887573,338,3.7323232323232323,3168,1.037632815815391
UP，IVH_1d_1_150，TH_CA3，Fyn_Thy1.csv,5.378698224852071,338,4.203598484848484,3168,1.2795461422491075
UP，IVH_1d_1_150，TH_CA3，Icam5_Itgal.csv,3.2958579881656807,338,3.3424873737373737,3168,0.9860494953733947
UP，IVH_1d_1_150，TH_CA3，Icam5_Itgb2.csv,3.3491124260355027,338,3.535037878787879,3168,0.9474049616644765
UP，IVH_1d_1_150，TH_CA3，Nptx1_Nptxr.csv,5.124260355029586,338,4.543560606060606,3168,1.1278071977722472
UP，IVH_1d_1_150，TH_CA3，Nptx2_Nptxr.csv,4.298816568047338,338,4.399621212121212,3168,0.9770878811575524
