CSV.file,ZTTol_A,A1,ZTTol_all,all1,density
DOWN，IVH_1d_1_130，VL_I，Col9a3_Mag.csv,4.732758620689655,348,3.775110549589387,3166,1.2536741794765267
DOWN，IVH_1d_1_130，VL_I，Fgf23_Kl.csv,4.0,348,4.0,3166,1.0
DOWN，IVH_1d_1_130，VL_I，Nptx1_Nptxr.csv,4.919540229885057,348,4.4684144030322175,3166,1.1009588158490202
DOWN，IVH_1d_1_130，VL_I，Nptx2_Nptxr.csv,4.2155172413793105,348,4.26310802274163,3166,0.9888365997041488
