CSV.file,ZTTol_A,A1,ZTTol_all,all1,density
UP，IVH_3d_3_150，HYL_TH，Adcyap1_Ramp3.csv,3.358139534883721,645,3.5580560991519894,3066,0.943812981387248
UP，IVH_3d_3_150，HYL_TH，Adm2_Ramp3.csv,4.0,645,4.0,3066,1.0
UP，IVH_3d_3_150，HYL_TH，Cck_Cckar.csv,3.4682170542635657,645,3.1793868232224396,3066,1.090844633604031
UP，IVH_3d_3_150，HYL_TH，Cck_Cckbr.csv,3.1906976744186046,645,4.327136333985649,3066,0.737369342712553
UP，IVH_3d_3_150，HYL_TH，Iapp_Ramp3.csv,4.0,645,4.0,3066,1.0
UP，IVH_3d_3_150，HYL_TH，Ntng1_Lrrc4c.csv,4.593798449612403,645,4.006523157208089,3066,1.146579782360113
UP，IVH_3d_3_150，HYL_TH，Vip_Ramp3.csv,3.3922480620155038,645,3.598173515981735,3066,0.9427694487073545
