CSV.file,ZTTol_A,A1,ZTTol_all,all1,density
DOWN，IVH_3d_3_110，V-VIa-VIb_RSP，Nptx1_Nptxr.csv,3.3351063829787235,188,4.463692307692308,3250,0.7471631450114324
DOWN，IVH_3d_3_110，V-VIa-VIb_RSP，Rtn4_Cntnap1.csv,4.718085106382978,188,4.227692307692307,3250,1.115995385425377
DOWN，IVH_3d_3_110，V-VIa-VIb_RSP，Rtn4_Lingo1.csv,4.7287234042553195,188,4.322461538461538,3250,1.0939885438375418
DOWN，IVH_3d_3_110，V-VIa-VIb_RSP，Rtn4_Ngfr.csv,3.234042553191489,188,3.2206153846153844,3250,1.0041691313530468
DOWN，IVH_3d_3_110，V-VIa-VIb_RSP，Rtn4_Rtn4r.csv,4.957446808510638,188,4.189538461538461,3250,1.1832918718903918
DOWN，IVH_3d_3_110，V-VIa-VIb_RSP，Rtn4_Rtn4rl2.csv,3.0106382978723403,188,3.1258461538461537,3250,0.9631434657038199
DOWN，IVH_3d_3_110，V-VIa-VIb_RSP，Rtn4_S1pr2.csv,3.2925531914893615,188,3.433846153846154,3250,0.9588528559444824
