CSV.file,ZTTol_A,A1,ZTTol_all,all1,density
UP，IVH_S1_50，I_RSP，Calm2_Adcy8.csv,4.251968503937008,254,4.030723488602577,3027,1.0548896534232706
UP，IVH_S1_50，I_RSP，Calm2_Cacna1c.csv,3.8070866141732282,254,4.242814667988107,3027,0.8973021242001372
UP，IVH_S1_50，I_RSP，Calm2_Grm7.csv,4.192913385826771,254,4.140403039312851,3027,1.0126824239126815
UP，IVH_S1_50，I_RSP，Calm2_Kcnq3.csv,4.047244094488189,254,4.309547406673274,3027,0.9391343713312187
UP，IVH_S1_50，I_RSP，Calm2_Mylk.csv,3.6653543307086616,254,3.70399735711926,3027,0.9895672100477273
UP，IVH_S1_50，I_RSP，Calm2_Scn10a.csv,3.1023622047244093,254,3.265609514370664,3027,0.9500101561659876
UP，IVH_S1_50，I_RSP，Calm2_Scn4a.csv,4.0,254,4.0,3027,1.0
UP，IVH_S1_50，I_RSP，Calm2_Trpc5.csv,3.1811023622047245,254,3.280806078625702,3027,0.969609993997956
UP，IVH_S1_50，I_RSP，Hspa8_Aqp2.csv,3.141732283464567,254,3.146019160885365,3027,0.9986373644909424
