CSV.file,ZTTol_A,A1,ZTTol_all,all1,density
DOWN，IVH_1d_1_20，TH_CA3，Adcyap1_Ramp3.csv,3.8784810126582276,395,3.702005730659026,3141,1.047670180663871
DOWN，IVH_1d_1_20，TH_CA3，Adm2_Ramp3.csv,3.0936708860759494,395,3.2591531359439667,3141,0.9492253837222387
DOWN，IVH_1d_1_20，TH_CA3，Iapp_Ramp3.csv,4.0,395,4.0,3141,1.0
DOWN，IVH_1d_1_20，TH_CA3，Ntng1_Lrrc4c.csv,4.736708860759494,395,3.894937917860554,3141,1.2161192195230972
DOWN，IVH_1d_1_20，TH_CA3，Vip_Ramp3.csv,3.3746835443037977,395,3.4797835084368036,3141,0.9697969819449431
