CSV.file,ZTTol_A,A1,ZTTol_all,all1,density
UP，IVH_S1_80，CA3_DG，Calm2_Adcy8.csv,4.018348623853211,109,4.055700325732899,3070,0.9907903200730349
UP，IVH_S1_80，CA3_DG，Calm2_Cacna1c.csv,6.73394495412844,109,4.2550488599348535,3070,1.5825775862492775
UP，IVH_S1_80，CA3_DG，Calm2_Grm7.csv,5.853211009174312,109,4.1309446254071664,3070,1.416918293499853
UP，IVH_S1_80，CA3_DG，Calm2_Kcnq3.csv,5.926605504587156,109,4.3286644951140065,3070,1.3691533523276822
UP，IVH_S1_80，CA3_DG，Calm2_Mylk.csv,4.807339449541284,109,3.7762214983713354,3070,1.2730554740008404
UP，IVH_S1_80，CA3_DG，Calm2_Scn10a.csv,3.0,109,3.269055374592834,3070,0.9176962933439617
UP，IVH_S1_80，CA3_DG，Calm2_Scn4a.csv,4.0,109,4.0,3070,1.0
UP，IVH_S1_80，CA3_DG，Calm2_Trpc5.csv,3.0,109,3.305211726384365,3070,0.9076574356952793
