CSV.file,ZTTol_A,A1,ZTTol_all,all1,density
DOWN，IVH_7d_2_80，VL_I，Col9a3_Mag.csv,4.48068669527897,233,3.7215230719586962,3099,1.2039927225066789
DOWN，IVH_7d_2_80，VL_I，Trf_Tfr2.csv,3.459227467811159,233,3.424975798644724,3099,1.0100005580126985
DOWN，IVH_7d_2_80，VL_I，Trf_Tfrc.csv,3.5493562231759657,233,3.8809293320425944,3099,0.9145634768123653
