CSV.file,ZTTol_A,A1,ZTTol_all,all1,density
DOWN，IVH_3d_3_150，HYL_TH，Cnp_Npr1.csv,3.517829457364341,645,3.4810828440965427,3066,1.0105560869745216
DOWN，IVH_3d_3_150，HYL_TH，Cnp_Npr2.csv,4.662015503875969,645,3.7547292889758643,3066,1.241638250076765
DOWN，IVH_3d_3_150，HYL_TH，Cnp_Npr3.csv,3.2465116279069766,645,3.3163731245923027,3066,0.9789343677382759
DOWN，IVH_3d_3_150，HYL_TH，Col2a1_Mag.csv,3.2449612403100776,645,3.4660795825179385,3066,0.9362050590750634
DOWN，IVH_3d_3_150，HYL_TH，Col3a1_Mag.csv,3.4,645,3.464774951076321,3066,0.9813047161818694
DOWN，IVH_3d_3_150，HYL_TH，Col9a1_Mag.csv,3.3596899224806203,645,3.3835616438356166,3066,0.9929447949031792
DOWN，IVH_3d_3_150，HYL_TH，Col9a2_Mag.csv,4.303875968992248,645,3.6904761904761907,3066,1.166211552888222
DOWN，IVH_3d_3_150，HYL_TH，Col9a3_Mag.csv,4.266666666666667,645,3.7573385518590996,3066,1.1355555555555557
DOWN，IVH_3d_3_150，HYL_TH，Lgala3_Mag.csv,4.0,645,4.0,3066,1.0
