CSV.file,ZTTol_A,A1,ZTTol_all,all1,density
UP¡¤IVH_1d_1_50¡¤VL_I¡¤Col9a3_Mag.csv,4.324675324675325,308,3.7479987191802753,3123,1.15386254070577
