CSV.file,ZTTol_A,A1,ZTTol_all,all1,density
DOWN，IVH_1d_1_150，VL_I，Col9a3_Mag.csv,4.776859504132231,363,3.808080808080808,3168,1.2544007716421508
DOWN，IVH_1d_1_150，VL_I，Fgf23_Kl.csv,4.0,363,4.0,3168,1.0
DOWN，IVH_1d_1_150，VL_I，Nptx1_Nptxr.csv,4.3884297520661155,363,4.543560606060606,3168,0.9658569858653225
DOWN，IVH_1d_1_150，VL_I，Nptx2_Nptxr.csv,4.289256198347108,363,4.399621212121212,3168,0.9749148827926272
