,gene,score,p-value
18160,mt-Nd4,-0.3297689432149265,2.1942068116500507e-13
18152,mt-Nd2,-0.3116650782349,4.7909365288485e-12
18163,mt-Cytb,-0.30737688480777114,9.650483239247384e-12
