CSV.file,ZTTol_A,A1,ZTTol_all,all1,density
UP，IVH_7d_2_80，I_RSP，Calm2_Adcy8.csv,2.9819277108433737,166,3.908357534688609,3099,0.7629618540211043
UP，IVH_7d_2_80，I_RSP，Calm2_Cacna1c.csv,2.7289156626506026,166,4.040658276863504,3099,0.6753641302151587
UP，IVH_7d_2_80，I_RSP，Calm2_Grm7.csv,3.0843373493975905,166,4.015811552113585,3099,0.7680483283072023
UP，IVH_7d_2_80，I_RSP，Calm2_Kcnq3.csv,2.5963855421686746,166,4.301387544369152,3099,0.6036158135919522
UP，IVH_7d_2_80，I_RSP，Calm2_Mylk.csv,3.216867469879518,166,3.717005485640529,3099,0.8654459839531754
UP，IVH_7d_2_80，I_RSP，Calm2_Scn10a.csv,3.3493975903614457,166,3.2620200064536946,3099,1.0267863421238619
UP，IVH_7d_2_80，I_RSP，Calm2_Scn4a.csv,4.0,166,4.0,3099,1.0
UP，IVH_7d_2_80，I_RSP，Calm2_Trpc5.csv,3.3313253012048194,166,3.2145853501129396,3099,1.0363157105434386
