CSV.file,ZTTol_A,A1,ZTTol_all,all1,density
UP，IVH_3d_3_150，CA1_DG，Clu_Lrp2.csv,3.0136986301369864,219,3.2452707110241357,3066,0.928643216080402
UP，IVH_3d_3_150，CA1_DG，Clu_Lrp8.csv,4.858447488584475,219,3.893672537508154,3066,1.247780197688055
UP，IVH_3d_3_150，CA1_DG，Clu_Vldlr.csv,4.168949771689498,219,3.8519243313763862,3066,1.082303132938188
UP，IVH_3d_3_150，CA1_DG，Cst3_Lrp2.csv,3.009132420091324,219,3.2879973907371167,3066,0.9151869854181133
UP，IVH_3d_3_150，CA1_DG，Sema5a_Met.csv,3.3333333333333335,219,3.3972602739726026,3066,0.9811827956989249
UP，IVH_3d_3_150，CA1_DG，Sema5a_Plxna1.csv,4.127853881278539,219,3.9487932159165036,3066,1.0453456677954902
UP，IVH_3d_3_150，CA1_DG，Sema5a_Plxnb3.csv,3.767123287671233,219,3.638617090671885,3066,1.035317318035138
