CSV.file,ZTTol_A,A1,ZTTol_all,all1,density
DOWN，IVH_1d_1_20，fxs_MB，Cck_Cckar.csv,3.4347826086956523,437,3.2142629735752943,3141,1.0686065940880591
DOWN，IVH_1d_1_20，fxs_MB，Cck_Cckbr.csv,3.597254004576659,437,4.318369945877109,3141,0.8330120044511418
DOWN，IVH_1d_1_20，fxs_MB，Icam5_Itgal.csv,3.5011441647597255,437,3.317414836039478,3141,1.05538328421404
DOWN，IVH_1d_1_20，fxs_MB，Icam5_Itgb2.csv,3.393592677345538,437,3.531359439668895,3141,0.9609876126525725
DOWN，IVH_1d_1_20，fxs_MB，Trf_Tfr2.csv,3.757437070938215,437,3.396370582617001,3141,1.1063095087942383
DOWN，IVH_1d_1_20，fxs_MB，Trf_Tfrc.csv,4.798627002288329,437,3.950652658389048,3141,1.2146415838655527
DOWN，IVH_1d_1_20，fxs_MB，Vim_Cd44.csv,3.8466819221967965,437,3.4797835084368036,3141,1.1054371379341388
