CSV.file,ZTTol_A,A1,ZTTol_all,all1,density
UP，IVH_1d_1_20，VL_fxs，Fgf23_Kl.csv,4.0,328,4.0,3141,1.0
UP，IVH_1d_1_20，VL_fxs，Sostdc1_Lrp6.csv,5.176829268292683,328,3.632919452403693,3141,1.4249777172646847
