CSV.file,ZTTol_A,A1,ZTTol_all,all1,density
UP，IVH_3d_3_130，cpd_HYL，Agm_Atp1a3.csv,4.0,689,4.0,2990,1.0
UP，IVH_3d_3_130，cpd_HYL，Gnas_Gcgr.csv,4.0,689,4.0,2990,1.0
UP，IVH_3d_3_130，cpd_HYL，Gnas_Htr6.csv,3.1988388969521044,689,3.460200668896321,2990,0.924466296335472
UP，IVH_3d_3_130，cpd_HYL，Gnas_Lhcgr.csv,3.172714078374456,689,3.1899665551839465,2990,0.9945916433570584
UP，IVH_3d_3_130，cpd_HYL，Gnas_Ptgdr.csv,3.0624092888243832,689,3.2140468227424748,2990,0.9528203718610725
UP，IVH_3d_3_130，cpd_HYL，Gnas_Pth1r.csv,4.145137880986938,689,3.791304347826087,2990,1.0933276520951785
