CSV.file,ZTTol_A,A1,ZTTol_all,all1,density
UP，IVH_7d_2_80，MB_TH，Adcyap1_Ramp3.csv,4.387263339070568,581,3.6560180703452727,3099,1.2000113934492225
UP，IVH_7d_2_80，MB_TH，Adm2_Ramp3.csv,4.0,581,4.0,3099,1.0
UP，IVH_7d_2_80，MB_TH，Cck_Cckar.csv,3.1841652323580036,581,3.1958696353662472,3099,0.9963376469181596
UP，IVH_7d_2_80，MB_TH，Cck_Cckbr.csv,3.0206540447504304,581,4.097128105840594,3099,0.7372613124896892
UP，IVH_7d_2_80，MB_TH，Fyn_Thy1.csv,4.469879518072289,581,4.212003872216844,3099,1.0612239811925246
UP，IVH_7d_2_80，MB_TH，Iapp_Ramp3.csv,4.0,581,4.0,3099,1.0
UP，IVH_7d_2_80，MB_TH，Ntng1_Lrrc4c.csv,4.807228915662651,581,3.8767344304614393,3099,1.2400201772630726
UP，IVH_7d_2_80，MB_TH，Vip_Ramp3.csv,3.253012048192771,581,3.562116811874798,3099,0.9132244168266508
