CSV.file,ZTTol_A,A1,ZTTol_all,all1,density
UP，IVH_1d_1_150，VL_cpd， Vip_Npr3.csv,4.0,396,4.0,3168,1.0
UP，IVH_1d_1_150，VL_cpd，Lama5_ Bcam.csv,4.0,396,4.0,3168,1.0
UP，IVH_1d_1_150，VL_cpd，Lama5_Itgb4.csv,4.123737373737374,396,3.6609848484848486,3168,1.1264011036385584
UP，IVH_1d_1_150，VL_cpd，Lin7c_Htr2c.csv,4.287878787878788,396,3.9630681818181817,3168,1.0819593787335724
UP，IVH_1d_1_150，VL_cpd，Nppa_Npr3.csv,3.5555555555555554,396,3.573232323232323,3168,0.9950530035335688
UP，IVH_1d_1_150，VL_cpd，Nppb_Npr3.csv,4.0,396,4.0,3168,1.0
UP，IVH_1d_1_150，VL_cpd，Nppc_Npr3.csv,3.8434343434343434,396,3.75,3168,1.024915824915825
UP，IVH_1d_1_150，VL_cpd，Ostn_Npr3.csv,3.558080808080808,396,3.592171717171717,3168,0.9905096660808436
UP，IVH_1d_1_150，VL_cpd，Sostdc1_ Lrp6.csv,4.0,396,4.0,3168,1.0
