CSV.file,ZTTol_A,A1,ZTTol_all,all1,density
UP，IVH_1d_1_130，I_RSP，Calm2_Adcy8.csv,3.8059071729957807,237,3.9491471888818697,3166,0.9637288738466482
UP，IVH_1d_1_130，I_RSP，Calm2_Cacna1c.csv,3.548523206751055,237,4.138660770688566,3166,0.8574085684632404
UP，IVH_1d_1_130，I_RSP，Calm2_Grm7.csv,3.852320675105485,237,4.006632975363234,3166,0.9614857908856103
UP，IVH_1d_1_130，I_RSP，Calm2_Kcnq3.csv,3.9451476793248945,237,4.359759949463045,3166,0.90490020667555
UP，IVH_1d_1_130，I_RSP，Calm2_Mylk.csv,3.3755274261603376,237,3.737207833228048,3166,0.9032217572028084
UP，IVH_1d_1_130，I_RSP，Calm2_Scn10a.csv,3.0548523206751055,237,3.2476310802274164,3166,0.940640191330226
UP，IVH_1d_1_130，I_RSP，Calm2_Scn4a.csv,4.0,237,4.0,3166,1.0
UP，IVH_1d_1_130，I_RSP，Calm2_Trpc5.csv,3.1223628691983123,237,3.211939355653822,3166,0.9721114016994646
UP，IVH_1d_1_130，I_RSP，Hspa8_Aqp2.csv,3.2025316455696204,237,3.0833859759949465,3166,1.038641179048701
