CSV.file,ZTTol_A,A1,ZTTol_all,all1,density
UP，IVH_3d_3_50，CA1_CA3，Gnas_Gcgr.csv,4.0,375,4.0,3107,1.0
UP，IVH_3d_3_50，CA1_CA3，Gnas_Htr6.csv,3.554666666666667,375,3.3675571290634054,3107,1.0555623944694001
UP，IVH_3d_3_50，CA1_CA3，Gnas_Lhcgr.csv,3.1253333333333333,375,3.1573865465078854,3107,0.9898481821270811
UP，IVH_3d_3_50，CA1_CA3，Gnas_Ptgdr.csv,3.1226666666666665,375,3.188284518828452,3107,0.9794190726159229
UP，IVH_3d_3_50，CA1_CA3，Gnas_Pth1r.csv,3.416,375,3.6569037656903767,3107,0.9341235697940503
UP，IVH_3d_3_50，CA1_CA3，Nptx1_Nptxr.csv,5.522666666666667,375,4.504023173479241,3107,1.2261630222476299
UP，IVH_3d_3_50，CA1_CA3，Nptx2_Nptxr.csv,4.784,375,4.357579658834889,3107,1.0978571534086712
