CSV.file,ZTTol_A,A1,ZTTol_all,all1,density
UP，IVH_1d_1_130，TH_CA1，Dkk3_Kremen1.csv,3.5045592705167175,329,3.695198989260897,3166,0.9484088084841377
UP，IVH_1d_1_130，TH_CA1，Icam5_Itgal.csv,3.4680851063829787,329,3.310486418193304,3166,1.0476059008499676
UP，IVH_1d_1_130，TH_CA1，Icam5_Itgb2.csv,3.407294832826748,329,3.5360075805432722,3166,0.9635994140892795
