CSV.file,ZTTol_A,A1,ZTTol_all,all1,density
DOWN，IVH_1d_1_80，fxs_MB，Cck_Cckar.csv,3.4314285714285715,350,3.215809284818068,3188,1.0670497742600746
DOWN，IVH_1d_1_80，fxs_MB，Cck_Cckbr.csv,3.737142857142857,350,4.281053952321204,3188,0.8729492547312009
DOWN，IVH_1d_1_80，fxs_MB，Icam5_Itgal.csv,3.5485714285714285,350,3.36198243412798,3188,1.0554996934396075
DOWN，IVH_1d_1_80，fxs_MB，Icam5_Itgb2.csv,3.402857142857143,350,3.5476787954830615,3188,0.9591784766957181
DOWN，IVH_1d_1_80，fxs_MB，Trf_Tfr2.csv,3.6914285714285713,350,3.4563989962358845,3188,1.0679983923871754
DOWN，IVH_1d_1_80，fxs_MB，Trf_Tfrc.csv,4.748571428571428,350,3.955771643663739,3188,1.2004159633879719
DOWN，IVH_1d_1_80，fxs_MB，Vim_Cd44.csv,4.317142857142857,350,3.573086574654956,3188,1.2082390859952092
