CSV.file,ZTTol_A,A1,ZTTol_all,all1,density
UP，IVH_S1_110，CA3_DG，Calm2_Adcy8.csv,3.6878612716763004,173,3.9842350412038696,2791,0.9256133821266685
UP，IVH_S1_110，CA3_DG，Calm2_Cacna1c.csv,5.895953757225434,173,4.168756718022214,2791,1.4143194616601793
UP，IVH_S1_110，CA3_DG，Calm2_Grm7.csv,5.219653179190751,173,4.076675026872089,2791,1.2803701901143774
UP，IVH_S1_110，CA3_DG，Calm2_Kcnq3.csv,5.502890173410405,173,4.321390182730204,2791,1.2734073852904768
UP，IVH_S1_110，CA3_DG，Calm2_Mylk.csv,4.705202312138728,173,3.6320315299175925,2791,1.2954739719028499
UP，IVH_S1_110，CA3_DG，Calm2_Scn10a.csv,3.0,173,3.212110354711573,2791,0.9339654210819854
UP，IVH_S1_110，CA3_DG，Calm2_Scn4a.csv,4.0,173,4.0,2791,1.0
UP，IVH_S1_110，CA3_DG，Calm2_Trpc5.csv,3.1040462427745665,173,3.186313149408814,2791,0.9741811608662786
