CSV.file,ZTTol_A,A1,ZTTol_all,all1,density
UP，IVH_7d_2_110，CA1_DG，Calm2_Adcy8.csv,4.075,40,3.8834498834498836,3003,1.0493247298919568
UP，IVH_7d_2_110，CA1_DG，Calm2_Cacna1c.csv,6.4,40,4.101232101232101,3003,1.5605066580058462
UP，IVH_7d_2_110，CA1_DG，Calm2_Grm7.csv,5.55,40,3.995004995004995,3003,1.3892348087021755
UP，IVH_7d_2_110，CA1_DG，Calm2_Kcnq3.csv,5.925,40,4.322677322677323,3003,1.3706782990524613
UP，IVH_7d_2_110，CA1_DG，Calm2_Mylk.csv,4.2,40,3.7022977022977024,3003,1.1344306529951431
UP，IVH_7d_2_110，CA1_DG，Calm2_Scn10a.csv,3.0,40,3.2404262404262405,3003,0.9258041311273251
UP，IVH_7d_2_110，CA1_DG，Calm2_Scn4a.csv,4.0,40,4.0,3003,1.0
UP，IVH_7d_2_110，CA1_DG，Calm2_Trpc5.csv,3.0,40,3.2144522144522143,3003,0.9332849891225526
UP，IVH_7d_2_110，CA1_DG，Nptx1_Nptxr.csv,6.975,40,4.445554445554445,3003,1.5689831460674157
