CSV.file,ZTTol_A,A1,ZTTol_all,all1,density
UP，IVH_1d_1_110，MB_TH，Adcyap1_Ramp3.csv,4.128939828080229,349,3.606100360774024,3049,1.1449874975731351
UP，IVH_1d_1_110，MB_TH，Adm2_Ramp3.csv,4.0,349,4.0,3049,1.0
UP，IVH_1d_1_110，MB_TH，Cck_Cckar.csv,3.361031518624642,349,3.233847163004264,3049,1.039329117676119
UP，IVH_1d_1_110，MB_TH，Cck_Cckbr.csv,3.2464183381088825,349,4.361102000655952,3049,0.7444032122203492
UP，IVH_1d_1_110，MB_TH，Iapp_Ramp3.csv,4.0,349,4.0,3049,1.0
UP，IVH_1d_1_110，MB_TH，Ntng1_Lrrc4.csv,5.01432664756447,349,3.776976057723844,3049,1.327603503683924
UP，IVH_1d_1_110，MB_TH，Vip_Ramp3.csv,3.5272206303724927,349,3.508691374221056,3049,1.0052809592452543
