CSV.file,ZTTol_A,A1,ZTTol_all,all1,density
UP，IVH_3d_3_20，TH_CA1，Adcyap1_Ramp3.csv,3.769230769230769,338,3.6303405572755416,3230,1.0382581770949502
UP，IVH_3d_3_20，TH_CA1，Adm2_Ramp3.csv,4.0,338,4.0,3230,1.0
UP，IVH_3d_3_20，TH_CA1，Cck_Cckar.csv,3.0502958579881656,338,3.2656346749226004,3230,0.934059122231871
UP，IVH_3d_3_20，TH_CA1，Cck_Cckbr.csv,3.331360946745562,338,4.373993808049535,3230,0.761629095270963
UP，IVH_3d_3_20，TH_CA1，Iapp_Ramp3.csv,4.0,338,4.0,3230,1.0
UP，IVH_3d_3_20，TH_CA1，Vip_Ramp3.csv,3.4585798816568047,338,3.4538699690402477,3230,1.001363662401531
