CSV.file,ZTTol_A,A1,ZTTol_all,all1,density
UP，IVH_1d_1_50，TH_CA3，Dkk3_Kremen1.csv,3.5754716981132075,318,3.611271213576689,3123,0.9900867275410132
UP，IVH_1d_1_50，TH_CA3，Fyn_Thy1.csv,5.761006289308176,318,4.196285622798591,3123,1.3728823076313952
UP，IVH_1d_1_50，TH_CA3，Icam5_Itgal.csv,3.308176100628931,318,3.314121037463977,3123,0.9982061799289035
UP，IVH_1d_1_50，TH_CA3，Icam5_Itgb2.csv,3.3333333333333335,318,3.493756003842459,3123,0.954083035468793
UP，IVH_1d_1_50，TH_CA3，Nptx1_Nptxr.csv,4.59433962264151,318,4.475504322766571,3123,1.0265523818780449
UP，IVH_1d_1_50，TH_CA3，Nptx2_Nptxr.csv,3.770440251572327,318,4.266090297790586,3123,0.8838163255768504
