CSV.file,ZTTol_A,A1,ZTTol_all,all1,density
DOWN，IVH_1d_1_150，TH_CA3，Adcyap1_Ramp3.csv,3.6775147928994083,338,3.5782828282828283,3168,1.0277317275851559
DOWN，IVH_1d_1_150，TH_CA3，Adm2_Ramp3.csv,4.0,338,4.0,3168,1.0
DOWN，IVH_1d_1_150，TH_CA3，Iapp_Ramp3.csv,4.0,338,4.0,3168,1.0
DOWN，IVH_1d_1_150，TH_CA3，Ntng1_Lrrc4c.csv,4.736686390532545,338,3.8535353535353534,3168,1.2291794303085766
DOWN，IVH_1d_1_150，TH_CA3，Vip_Ramp3.csv,3.4911242603550297,338,3.538510101010101,3168,0.9866085331672376
