CSV.file,ZTTol_A,A1,ZTTol_all,all1,density
DOWN，IVH_1d_1_80，MB_TH，Clu_Lrp2.csv,3.1305418719211824,406,3.186323713927227,3188,0.9824933537787685
DOWN，IVH_1d_1_80，MB_TH，Clu_Lrp8.csv,3.625615763546798,406,3.7860727728983687,3188,0.9576191428489803
DOWN，IVH_1d_1_80，MB_TH，Clu_Vldlr.csv,3.770935960591133,406,3.857277289836888,3188,0.9776159910843728
