CSV.file,ZTTol_A,A1,ZTTol_all,all1,density
UP，IVH_7d_2_50，TH_CA3，Dkk3_Kremen1.csv,3.354581673306773,251,3.5895071542130363,3145,0.9345521625077333
UP，IVH_7d_2_50，TH_CA3，Icam5_Itgal.csv,3.5179282868525896,251,3.288712241653418,3145,1.0696978112879623
UP，IVH_7d_2_50，TH_CA3，Icam5_Itgb2.csv,3.3266932270916336,251,3.4263910969793323,3145,0.9709029509282839
UP，IVH_7d_2_50，TH_CA3，Nptx1_Nptxr.csv,2.9840637450199203,251,4.408585055643879,3145,0.6768756204895527
