CSV.file,ZTTol_A,A1,ZTTol_all,all1,density
UP，IVH_7d_2_50，COA_MB，Agt_Agtr1a.csv,3.375776397515528,644,3.3793322734499207,3145,0.9989477578270921
UP，IVH_7d_2_50，COA_MB，Agt_Agtr1b.csv,3.0947204968944098,644,3.3033386327503975,3145,0.9368462761317662
UP，IVH_7d_2_50，COA_MB，Agt_Agtr2.csv,3.4580745341614905,644,3.4349761526232117,3145,1.0067244663461896
UP，IVH_7d_2_50，COA_MB，Agt_Lrp2.csv,3.389751552795031,644,3.341494435612083,3145,1.0144417769093512
UP，IVH_7d_2_50，COA_MB，Agt_Mas1.csv,3.597826086956522,644,3.3589825119236885,3145,1.0711059299013879
UP，IVH_7d_2_50，COA_MB，Podxl2_Sell.csv,3.107142857142857,644,3.100476947535771,3145,1.0021499626411943
UP，IVH_7d_2_50，COA_MB，Prnd_Rpsa.csv,4.0,644,4.0,3145,1.0
