CSV.file,ZTTol_A,A1,ZTTol_all,all1,density
UP，IVH_7d_2_110，HYL_TH，Adcyap1_Ramp3.csv,4.012658227848101,553,3.670662670662671,3003,1.0931699771593801
UP，IVH_7d_2_110，HYL_TH，Adm2_Ramp3.csv,4.0,553,4.0,3003,1.0
UP，IVH_7d_2_110，HYL_TH，Cck_Cckar.csv,3.383363471971067,553,3.1948051948051948,3003,1.0590202737470413
UP，IVH_7d_2_110，HYL_TH，Cck_Cckbr.csv,3.0867992766726946,553,4.159507159507159,3003,0.7421069752500282
UP，IVH_7d_2_110，HYL_TH，Fyn_Thy1.csv,4.5153707052441225,553,4.1884781884781885,3003,1.0780456533509382
UP，IVH_7d_2_110，HYL_TH，Iapp_Ramp3.csv,4.0,553,4.0,3003,1.0
UP，IVH_7d_2_110，HYL_TH，Ntng1_Lrrc4c.csv,4.508137432188065,553,3.8794538794538793,3003,1.1620546531210953
UP，IVH_7d_2_110，HYL_TH，Vip_Ramp3.csv,3.5099457504520797,553,3.46986346986347,3003,1.0115515440122451
