CSV.file,ZTTol_A,A1,ZTTol_all,all1,density
DOWN，IVH_1d_1_110，MB_TH，Clu_Lrp2.csv,3.0773638968481376,349,3.218432272876353,3049,0.9561686050636881
DOWN，IVH_1d_1_110，MB_TH，Clu_Lrp8.csv,3.71919770773639,349,3.7950147589373566,3049,0.980021935086704
DOWN，IVH_1d_1_110，MB_TH，Clu_Vldlr.csv,3.702005730659026,349,3.911446375860938,3049,0.9464544250192327
