CSV.file,ZTTol_A,A1,ZTTol_all,all1,density
DOWN，IVH_3d_3_110，TH_CA1，Adcyap1_Ramp3.csv,3.66044776119403,268,3.5824615384615384,3250,1.0217688932303184
DOWN，IVH_3d_3_110，TH_CA1，Adm2_Ramp3.csv,4.0,268,4.0,3250,1.0
DOWN，IVH_3d_3_110，TH_CA1，Fyn_Thy1.csv,5.481343283582089,268,4.300923076923077,3250,1.2744574096180992
DOWN，IVH_3d_3_110，TH_CA1，Iapp_Ramp3.csv,4.0,268,4.0,3250,1.0
DOWN，IVH_3d_3_110，TH_CA1，Ntng1_Lrrc4c.csv,4.82089552238806,268,4.055076923076923,3250,1.1888542717779191
DOWN，IVH_3d_3_110，TH_CA1，Vip_Ramp3.csv,4.022388059701493,268,3.6944615384615385,3250,1.0887616552036188
