CSV.file,ZTTol_A,A1,ZTTol_all,all1,density
UP，IVH_3d_3_20，cpd_HYL，Agm_Atp1a3.csv,4.0,571,4.0,3230,1.0
UP，IVH_3d_3_20，cpd_HYL，Gnas_Gcgr.csv,4.0,571,4.0,3230,1.0
UP，IVH_3d_3_20，cpd_HYL，Gnas_Htr6.csv,3.245183887915937,571,3.3535603715170277,3230,0.9676831571241209
UP，IVH_3d_3_20，cpd_HYL，Gnas_Lhcgr.csv,3.1558669001751314,571,3.16625386996904,3230,0.9967194766369096
UP，IVH_3d_3_20，cpd_HYL，Gnas_Ptgdr.csv,3.1558669001751314,571,3.185139318885449,3230,0.9908096896933976
UP，IVH_3d_3_20，cpd_HYL，Gnas_Pth1r.csv,3.6865148861646233,571,3.7120743034055725,3230,0.9931145189584432
