CSV.file,ZTTol_A,A1,ZTTol_all,all1,density
UP，IVH_3d_3_150，cpd_MB，Gnas_Gcgr.csv,3.1053639846743293,522,3.2100456621004567,3066,0.9673893494220172
UP，IVH_3d_3_150，cpd_MB，Gnas_Htr6.csv,3.3275862068965516,522,3.455968688845401,3066,0.9628519545436794
UP，IVH_3d_3_150，cpd_MB，Gnas_Lhcgr.csv,3.1015325670498086,522,3.2129810828440966,3066,0.965313049494946
UP，IVH_3d_3_150，cpd_MB，Gnas_Ptgdr.csv,3.1340996168582373,522,3.2517938682322245,3066,0.9638063616135762
UP，IVH_3d_3_150，cpd_MB，Gnas_Pth1r.csv,4.390804597701149,522,3.8724722765818655,3066,1.1338504924241324
