CSV.file,ZTTol_A,A1,ZTTol_all,all1,density
UP，IVH_1d_1_20，cpd_HYL，Gnas_Gcgr.csv,3.142458100558659,358,3.142629735752945,3141,0.9999453848500403
UP，IVH_1d_1_20，cpd_HYL，Gnas_Htr6.csv,3.131284916201117,358,3.3225087551735117,3141,0.9424459488106275
UP，IVH_1d_1_20，cpd_HYL，Gnas_Lhcgr.csv,4.0,358,4.0,3141,1.0
UP，IVH_1d_1_20，cpd_HYL，Gnas_Ptgdr.csv,3.2569832402234637,358,3.1942056669850367,3141,1.0196535789436758
UP，IVH_1d_1_20，cpd_HYL，Gnas_Pth1r.csv,3.846368715083799,358,3.7414836039477875,3141,1.028033027065879
