CSV.file,ZTTol_A,A1,ZTTol_all,all1,density
UP，IVH_1d_1_150，I_RSP，Calm2_Adcy8.csv,4.016597510373444,241,3.976641414141414,3168,1.0100476990683498
UP，IVH_1d_1_150，I_RSP，Calm2_Cacna1c.csv,3.5726141078838176,241,4.202020202020202,3168,0.8502134535588892
UP，IVH_1d_1_150，I_RSP，Calm2_Grm7.csv,3.7427385892116183,241,4.0830176767676765,3168,0.9166599034110868
UP，IVH_1d_1_150，I_RSP，Calm2_Kcnq3.csv,4.008298755186722,241,4.35574494949495,3168,0.920232658629722
UP，IVH_1d_1_150，I_RSP，Calm2_Mylk.csv,3.4439834024896268,241,3.8222853535353534,3168,0.9010272870664083
UP，IVH_1d_1_150，I_RSP，Calm2_Scn10a.csv,3.078838174273859,241,3.268939393939394,3168,0.9418462085843555
UP，IVH_1d_1_150，I_RSP，Calm2_Scn4a.csv,4.0,241,4.0,3168,1.0
UP，IVH_1d_1_150，I_RSP，Calm2_Trpc5.csv,3.195020746887967,241,3.2133838383838382,3168,0.9942854347879253
UP，IVH_1d_1_150，I_RSP，Hspa8_Aqp2.csv,3.1701244813278007,241,3.094381313131313,3168,1.0244776452969981
