CSV.file,ZTTol_A,A1,ZTTol_all,all1,density
UP，IVH_1d_1_50，TH_CA1，Dkk3_Kremen1.csv,3.5771543086172346,499,3.611271213576689,3123,0.9905526605614137
UP，IVH_1d_1_50，TH_CA1，Icam5_Itgal.csv,3.226452905811623,499,3.314121037463977,3123,0.9735470941883767
UP，IVH_1d_1_50，TH_CA1，Icam5_Itgb2.csv,3.496993987975952,499,3.493756003842459,3123,1.0009267917192648
