CSV.file,ZTTol_A,A1,ZTTol_all,all1,density
UP，IVH_1d_1_150，VL_CA1，Icam5_Itgal.csv,3.1434977578475336,446,3.3424873737373737,3168,0.9404666065597306
UP，IVH_1d_1_150，VL_CA1，Icam5_Itgb2.csv,3.7309417040358746,446,3.535037878787879,3168,1.0554177442973167
