CSV.file,ZTTol_A,A1,ZTTol_all,all1,density
UP，IVH_1d_1_50，MB_TH，Adcyap1_Ramp3.csv,3.9657142857142857,350,3.6253602305475505,3123,1.0938814444696798
UP，IVH_1d_1_50，MB_TH，Adm2_Ramp3.csv,4.0,350,4.0,3123,1.0
UP，IVH_1d_1_50，MB_TH，Cck_Cckar.csv,3.262857142857143,350,3.223823246878002,3123,1.0121079516431126
UP，IVH_1d_1_50，MB_TH，Cck_Cckbr.csv,3.28,350,4.317323086775536,3123,0.7597300304086627
UP，IVH_1d_1_50，MB_TH，Iapp_Ramp3.csv,4.0,350,4.0,3123,1.0
UP，IVH_1d_1_50，MB_TH，Ntng1_Lrrc4.csv,5.105714285714286,350,3.7803394172270255,3123,1.350596790977953
UP，IVH_1d_1_50，MB_TH，Vip_Ramp3.csv,3.48,350,3.4927953890489913,3123,0.9963366336633663
