CSV.file,ZTTol_A,A1,ZTTol_all,all1,density
UP，IVH_1d_1_150，TH_CA1，Dkk3_Kremen1.csv,3.7362924281984333,383,3.7323232323232323,3168,1.0010634652006627
UP，IVH_1d_1_150，TH_CA1，Icam5_Itgal.csv,3.3107049608355092,383,3.3424873737373737,3168,0.9904913887927937
UP，IVH_1d_1_150，TH_CA1，Icam5_Itgb2.csv,3.5613577023498695,383,3.535037878787879,3168,1.007445414862433
