CSV.file,ZTTol_A,A1,ZTTol_all,all1,density
UP，IVH_3d_3_130，TH_CA1，Adcyap1_Ramp3.csv,3.7685589519650655,229,3.731103678929766,2990,1.010038657796302
UP，IVH_3d_3_130，TH_CA1，Adm2_Ramp3.csv,3.1615720524017465,229,3.2531772575250835,2990,0.9718413114712884
UP，IVH_3d_3_130，TH_CA1，Cck_Cckar.csv,3.03056768558952,229,3.209364548494983,2990,0.9442890141634707
UP，IVH_3d_3_130，TH_CA1，Cck_Cckbr.csv,3.4148471615720526,229,4.462541806020067,2990,0.7652246880836722
UP，IVH_3d_3_130，TH_CA1，Iapp_Ramp3.csv,4.0,229,4.0,2990,1.0
UP，IVH_3d_3_130，TH_CA1，Vip_Ramp3.csv,3.554585152838428,229,3.6953177257525085,2990,0.9619159749286722
