CSV.file,ZTTol_A,A1,ZTTol_all,all1,density
UP，IVH_S1_80，CA1_DG，Calm2_Adcy8.csv,3.5505226480836236,287,4.055700325732899,3070,0.8754400875123864
UP，IVH_S1_80，CA1_DG，Calm2_Cacna1c.csv,4.2264808362369335,287,4.2550488599348535,3070,0.9932860879772936
UP，IVH_S1_80，CA1_DG，Calm2_Grm7.csv,3.857142857142857,287,4.1309446254071664,3070,0.9337193322369162
UP，IVH_S1_80，CA1_DG，Calm2_Kcnq3.csv,4.344947735191638,287,4.3286644951140065,3070,1.0037617237593746
UP，IVH_S1_80，CA1_DG，Calm2_Mylk.csv,3.6933797909407664,287,3.7762214983713354,3070,0.9780622753547963
UP，IVH_S1_80，CA1_DG，Calm2_Scn10a.csv,3.1707317073170733,287,3.269055374592834,3070,0.9699229116643499
UP，IVH_S1_80，CA1_DG，Calm2_Scn4a.csv,4.0,287,4.0,3070,1.0
UP，IVH_S1_80，CA1_DG，Calm2_Trpc5.csv,3.1602787456445993,287,3.305211726384365,3070,0.956150167451357
