CSV.file,ZTTol_A,A1,ZTTol_all,all1,density
UP¡¤IVH_1d_1_80¡¤VL_CA3¡¤Fyn_Thy1.csv,3.6744868035190614,341,4.191656210790464,3188,0.8766193167416574
