CSV.file,ZTTol_A,A1,ZTTol_all,all1,density
DOWN，IVH_7d_2_50，VL_COA，Amelx_Cd63.csv,4.0,412,4.0,3145,1.0
DOWN，IVH_7d_2_50，VL_COA，Clu_Lrp2.csv,3.599514563106796,412,3.1879173290938,3145,1.1291116398335201
DOWN，IVH_7d_2_50，VL_COA，Clu_Lrp8.csv,4.468446601941747,412,3.6988871224165343,3145,1.2080516258150773
DOWN，IVH_7d_2_50，VL_COA，Clu_Vldlr.csv,4.611650485436893,412,3.7726550079491257,3145,1.2223886031773308
DOWN，IVH_7d_2_50，VL_COA，Fgf23_Kl.csv,4.0,412,4.0,3145,1.0
DOWN，IVH_7d_2_50，VL_COA，Sostdc1_Lrp6.csv,4.939320388349515,412,3.6922098569157393,3145,1.3377680521322102
DOWN，IVH_7d_2_50，VL_COA，Timp1_Cd63.csv,3.2694174757281553,412,3.2149443561208266,3145,1.0169437208154533
DOWN，IVH_7d_2_50，VL_COA，Trf_Tfr2.csv,3.4150485436893203,412,3.455643879173291,3145,0.9882524539844417
DOWN，IVH_7d_2_50，VL_COA，Trf_Tfrc.csv,3.4029126213592233,412,3.8845786963434024,3145,0.8760055819083864
