CSV.file,ZTTol_A,A1,ZTTol_all,all1,density
UP，IVH_7d_2_50，HYL_TH，Adcyap1_Ramp3.csv,3.74120082815735,483,3.6082670906200316,3145,1.0368414350154094
UP，IVH_7d_2_50，HYL_TH，Adm2_Ramp3.csv,4.0,483,4.0,3145,1.0
UP，IVH_7d_2_50，HYL_TH，Cck_Cckar.csv,3.3664596273291925,483,3.2060413354531003,3145,1.050036251904226
UP，IVH_7d_2_50，HYL_TH，Cck_Cckbr.csv,2.958592132505176,483,4.098569157392687,3145,0.7218597561465305
UP，IVH_7d_2_50，HYL_TH，Fyn_Thy1.csv,4.9979296066252585,483,4.191096979332274,3145,1.1925110851101157
UP，IVH_7d_2_50，HYL_TH，Iapp_Ramp3.csv,4.0,483,4.0,3145,1.0
UP，IVH_7d_2_50，HYL_TH，Ntng1_Lrrc4c.csv,4.726708074534161,483,3.808585055643879,3145,1.2410666968116495
UP，IVH_7d_2_50，HYL_TH，Vip_Ramp3.csv,3.360248447204969,483,3.521462639109698,3145,0.9542195364749099
