CSV.file,ZTTol_A,A1,ZTTol_all,all1,density
UP¡¤IVH_1d_1_20¡¤VL_CA3¡¤Fyn_Thy1.csv,3.8666666666666667,300,4.223814071951608,3141,0.9154443355694579
