CSV.file,ZTTol_A,A1,ZTTol_all,all1,density
UP，IVH_1d_1_110，TH_CA1，Dkk3_Kremen1.csv,3.713270142180095,422,3.7464742538537226,3049,0.9911372374601338
UP，IVH_1d_1_110，TH_CA1，Icam5_Itgal.csv,3.4786729857819907,422,3.384716300426369,3049,1.0277591020977994
UP，IVH_1d_1_110，TH_CA1，Icam5_Itgb2.csv,3.566350710900474,422,3.5565759265332897,3049,1.0027483693780472
