CSV.file,ZTTol_A,A1,ZTTol_all,all1,density
UP，IVH_1d_1_110，cpd_HYL，Gnas_Gcgr.csv,4.0,603,4.0,3049,1.0
UP，IVH_1d_1_110，cpd_HYL，Gnas_Htr6.csv,3.253731343283582,603,3.3804526074122663,3049,0.9625135214583916
UP，IVH_1d_1_110，cpd_HYL，Gnas_Lhcgr.csv,3.131011608623549,603,3.138406034765497,3049,0.997643891179141
UP，IVH_1d_1_110，cpd_HYL，Gnas_Ptgdr.csv,3.2139303482587063,603,3.1882584453919316,3049,1.0080520143854332
UP，IVH_1d_1_110，cpd_HYL，Gnas_Pth1r.csv,3.898839137645108,603,3.7222040013119058,3049,1.0474544480288954
