CSV.file,ZTTol_A,A1,ZTTol_all,all1,density
UP，IVH_7d_2_110，VL_I，Cck_Cckar.csv,3.1205357142857144,224,3.1948051948051948,3003,0.9767530487804879
UP，IVH_7d_2_110，VL_I，Cck_Cckbr.csv,3.5848214285714284,224,4.159507159507159,3003,0.8618380233768314
UP，IVH_7d_2_110，VL_I，Dkk3_Kremen1.csv,3.5892857142857144,224,3.6806526806526807,3003,0.9751764226906723
