CSV.file,ZTTol_A,A1,ZTTol_all,all1,density
UP，IVH_S1_110，CA1_DG，Calm2_Adcy8.csv,3.6223776223776225,286,3.9842350412038696,2791,0.9091776928107863
UP，IVH_S1_110，CA1_DG，Calm2_Cacna1c.csv,3.9195804195804196,286,4.168756718022214,2791,0.9402276709109542
UP，IVH_S1_110，CA1_DG，Calm2_Grm7.csv,3.8566433566433567,286,4.076675026872089,2791,0.9460266838101254
UP，IVH_S1_110，CA1_DG，Calm2_Kcnq3.csv,4.293706293706293,286,4.321390182730204,2791,0.9935937538955529
UP，IVH_S1_110，CA1_DG，Calm2_Mylk.csv,3.4160839160839163,286,3.6320315299175925,2791,0.9405435740150153
UP，IVH_S1_110，CA1_DG，Calm2_Scn10a.csv,3.0944055944055946,286,3.212110354711573,2791,0.9633559413258242
UP，IVH_S1_110，CA1_DG，Calm2_Scn4a.csv,4.0,286,4.0,2791,1.0
UP，IVH_S1_110，CA1_DG，Calm2_Trpc5.csv,3.1783216783216783,286,3.186313149408814,2791,0.9974919379507258
