CSV.file,ZTTol_A,A1,ZTTol_all,all1,density
UP，IVH_7d_2_50，VL_fxs，Calm2_Adcy8.csv,3.1182432432432434,296,3.855961844197138,3145,0.8086810423023008
UP，IVH_7d_2_50，VL_fxs，Calm2_Cacna1c.csv,3.141891891891892,296,4.032114467408585,3145,0.7792169387272299
UP，IVH_7d_2_50，VL_fxs，Calm2_Grm7.csv,3.358108108108108,296,3.9675675675675675,3145,0.8463896457765667
UP，IVH_7d_2_50，VL_fxs，Calm2_Kcnq3.csv,3.324324324324324,296,4.272813990461049,3145,0.7780175621372227
UP，IVH_7d_2_50，VL_fxs，Calm2_Mylk.csv,3.1486486486486487,296,3.6492845786963435,3145,0.8628125816851093
UP，IVH_7d_2_50，VL_fxs，Calm2_Scn10a.csv,3.260135135135135,296,3.272496025437202,3145,0.9962227944034201
UP，IVH_7d_2_50，VL_fxs，Calm2_Scn4a.csv,4.0,296,4.0,3145,1.0
UP，IVH_7d_2_50，VL_fxs，Calm2_Trpc5.csv,3.1925675675675675,296,3.2356120826709063,3145,0.9866966391509434
