CSV.file,ZTTol_A,A1,ZTTol_all,all1,density
UP，IVH_7d_2_50，VL_I，Cck_Cckar.csv,3.3295454545454546,176,3.2060413354531003,3145,1.0385223102792278
UP，IVH_7d_2_50，VL_I，Cck_Cckbr.csv,3.414772727272727,176,4.098569157392687,3145,0.8331621588264334
UP，IVH_7d_2_50，VL_I，Dkk3_Kremen1.csv,3.3863636363636362,176,3.5895071542130363,3145,0.9434062925293327
