CSV.file,ZTTol_A,A1,ZTTol_all,all1,density
DOWN，IVH_7d_2_50，VL_I，Col9a3_Mag.csv,4.392045454545454,176,3.731955484896661,3145,1.1768750919779718
DOWN，IVH_7d_2_50，VL_I，Trf_Tfr2.csv,3.596590909090909,176,3.455643879173291,3145,1.0407874870344966
DOWN，IVH_7d_2_50，VL_I，Trf_Tfrc.csv,3.340909090909091,176,3.8845786963434024,3145,0.8600441262919776
