CSV.file,ZTTol_A,A1,ZTTol_all,all1,density
UP，IVH_3d_3_50，MB_TH，Adcyap1_Ramp3.csv,3.9603340292275573,479,3.590280012874155,3107,1.1030710738511897
UP，IVH_3d_3_50，MB_TH，Adm2_Ramp3.csv,4.0,479,4.0,3107,1.0
UP，IVH_3d_3_50，MB_TH，Cck_Cckar.csv,3.4342379958246347,479,3.2372063083360154,3107,1.0608647298694711
UP，IVH_3d_3_50，MB_TH，Cck_Cckbr.csv,3.200417536534447,479,4.4357901512713225,3107,0.7214988598180617
UP，IVH_3d_3_50，MB_TH，Fyn_Thy1.csv,4.356993736951983,479,4.24782748632121,3107,1.0256993135861352
UP，IVH_3d_3_50，MB_TH，Iapp_Ramp3.csv,4.0,479,4.0,3107,1.0
UP，IVH_3d_3_50，MB_TH，Ntng1_Lrrc4c.csv,4.480167014613778,479,3.8892822658513033,3107,1.1519264245618182
UP，IVH_3d_3_50，MB_TH，Vip_Ramp3.csv,3.5052192066805845,479,3.7364016736401675,3107,0.9381269769279503
