CSV.file,ZTTol_A,A1,ZTTol_all,all1,density
UP，IVH_3d_3_20，HYL_TH，Adcyap1_Ramp3.csv,3.6222596964586846,593,3.6303405572755416,3230,0.9977740763740024
UP，IVH_3d_3_20，HYL_TH，Adm2_Ramp3.csv,4.0,593,4.0,3230,1.0
UP，IVH_3d_3_20，HYL_TH，Cck_Cckar.csv,3.5109612141652615,593,3.2656346749226004,3230,1.0751236937574702
UP，IVH_3d_3_20，HYL_TH，Cck_Cckbr.csv,3.126475548060708,593,4.373993808049535,3230,0.7147873740257706
UP，IVH_3d_3_20，HYL_TH，Iapp_Ramp3.csv,4.0,593,4.0,3230,1.0
UP，IVH_3d_3_20，HYL_TH，Ntng1_Lrrc4c.csv,4.502529510961214,593,3.9102167182662537,3230,1.1514782518135172
UP，IVH_3d_3_20，HYL_TH，Vip_Ramp3.csv,3.3524451939291735,593,3.4538699690402477,3230,0.9706344546783103
