CSV.file,ZTTol_A,A1,ZTTol_all,all1,density
DOWN，IVH_1d_1_20，MB_TH，Clu_Lrp2.csv,3.2008196721311477,488,3.1668258516396053,3141,1.010734351077102
DOWN，IVH_1d_1_20，MB_TH，Clu_Lrp8.csv,3.7172131147540983,488,3.833492518306272,3141,0.969667502154524
DOWN，IVH_1d_1_20，MB_TH，Clu_Vldlr.csv,3.7950819672131146,488,3.880611270296084,3141,0.977959837477758
