CSV.file,ZTTol_A,A1,ZTTol_all,all1,density
UP，IVH_7d_2_110，TH_CA3，Dkk3_Kremen1.csv,3.6753472222222223,576,3.6806526806526807,3003,0.9985585549926114
UP，IVH_7d_2_110，TH_CA3，Icam5_Itgal.csv,3.3385416666666665,576,3.3096903096903096,3003,1.008717237649663
UP，IVH_7d_2_110，TH_CA3，Icam5_Itgb2.csv,3.5520833333333335,576,3.5008325008325007,3003,1.0146396128602684
UP，IVH_7d_2_110，TH_CA3，Nptx1_Nptxr.csv,4.319444444444445,576,4.445554445554445,3003,0.9716323345817729
