CSV.file,ZTTol_A,A1,ZTTol_all,all1,density
DOWN，IVH_1d_1_110，TH_CA3，Adcyap1_Ramp3.csv,3.65311004784689,418,3.606100360774024,3049,1.0130361560604972
DOWN，IVH_1d_1_110，TH_CA3，Adm2_Ramp3.csv,4.0,418,4.0,3049,1.0
DOWN，IVH_1d_1_110，TH_CA3，Iapp_Ramp3.csv,4.0,418,4.0,3049,1.0
DOWN，IVH_1d_1_110，TH_CA3，Ntng1_Lrrc4c.csv,4.509569377990431,418,3.904230895375533,3049,1.155046793808201
DOWN，IVH_1d_1_110，TH_CA3，Vip_Ramp3.csv,3.45933014354067,418,3.508691374221056,3049,0.98593172627178
