CSV.file,ZTTol_A,A1,ZTTol_all,all1,density
UP，IVH_3d_3_50，cpd_HYL，Agm_Atp1a3.csv,4.0,474,4.0,3107,1.0
UP，IVH_3d_3_50，cpd_HYL，Gnas_Gcgr.csv,4.0,474,4.0,3107,1.0
UP，IVH_3d_3_50，cpd_HYL，Gnas_Htr6.csv,3.308016877637131,474,3.3675571290634054,3107,0.9823194531987541
UP，IVH_3d_3_50，cpd_HYL，Gnas_Lhcgr.csv,3.1413502109704643,474,3.1573865465078854,3107,0.994921009733459
UP，IVH_3d_3_50，cpd_HYL，Gnas_Ptgdr.csv,3.2130801687763713,474,3.188284518828452,3107,1.0077771133038749
UP，IVH_3d_3_50，cpd_HYL，Gnas_Pth1r.csv,3.845991561181435,474,3.6569037656903767,3107,1.0517070745107127
