CSV.file,ZTTol_A,A1,ZTTol_all,all1,density
DOWN，IVH_S1_80，VL_fxs，Fgf23_Kl.csv,4.0,367,4.0,3070,1.0
DOWN，IVH_S1_80，VL_fxs，Rarres2_Ccrl2.csv,3.4850136239782015,367,3.387296416938111,3070,1.0288481417071909
DOWN，IVH_S1_80，VL_fxs，Sema3b_Nrp1.csv,4.26158038147139,367,3.6631921824104237,3070,1.1633515713246636
DOWN，IVH_S1_80，VL_fxs，Sema3b_Nrp2.csv,4.422343324250681,367,3.647882736156352,3070,1.212304134784319
DOWN，IVH_S1_80，VL_fxs，Sema3b_Plxna1.csv,4.141689373297003,367,3.49185667752443,3070,1.1860994753751677
DOWN，IVH_S1_80，VL_fxs，Tcn2_Lrp2.csv,3.5476839237057223,367,3.1814332247557005,3070,1.115121290649797
