CSV.file,ZTTol_A,A1,ZTTol_all,all1,density
DOWN，IVH_3d_3_50，CA1_CA3，Clu_Lrp2.csv,3.1866666666666665,375,3.1799163179916317,3107,1.0021228070175439
DOWN，IVH_3d_3_50，CA1_CA3，Clu_Lrp8.csv,3.6773333333333333,375,3.7985194721596396,3107,0.9680964808224595
DOWN，IVH_3d_3_50，CA1_CA3，Clu_Vldlr.csv,3.6613333333333333,375,3.83199227550692,3107,0.9554646956716502
DOWN，IVH_3d_3_50，CA1_CA3，Cst3_Lrp2.csv,3.192,375,3.1886063727067913,3107,1.0010642979711315
DOWN，IVH_3d_3_50，CA1_CA3，Nov_Notch1.csv,3.768,375,3.70164145477953,3107,1.0179267889748718
DOWN，IVH_3d_3_50，CA1_CA3，Rpsa_Prnd.csv,4.0,375,4.0,3107,1.0
DOWN，IVH_3d_3_50，CA1_CA3，Trf_Tfr2.csv,3.5866666666666664,375,3.395236562600579,3107,1.0563819635352483
DOWN，IVH_3d_3_50，CA1_CA3，Trf_Tfrc.csv,4.437333333333333,375,3.8696491792726104,3107,1.146701710610219
