CSV.file,ZTTol_A,A1,ZTTol_all,all1,density
UP，IVH_7d_2_80，HYL_TH，Adcyap1_Ramp3.csv,3.8848263254113347,547,3.6560180703452727,3099,1.0625840055118911
UP，IVH_7d_2_80，HYL_TH，Adm2_Ramp3.csv,4.0,547,4.0,3099,1.0
UP，IVH_7d_2_80，HYL_TH，Cck_Cckar.csv,3.4277879341864717,547,3.1958696353662472,3099,1.072568134899422
UP，IVH_7d_2_80，HYL_TH，Cck_Cckbr.csv,3.1517367458866543,547,4.097128105840594,3099,0.7692551134522124
UP，IVH_7d_2_80，HYL_TH，Fyn_Thy1.csv,4.829981718464351,547,4.212003872216844,3099,1.1467182521658643
UP，IVH_7d_2_80，HYL_TH，Iapp_Ramp3.csv,4.0,547,4.0,3099,1.0
UP，IVH_7d_2_80，HYL_TH，Ntng1_Lrrc4c.csv,4.550274223034735,547,3.8767344304614393,3099,1.1737389559834062
UP，IVH_7d_2_80，HYL_TH，Vip_Ramp3.csv,3.283363802559415,547,3.562116811874798,3099,0.9217451240267803
