CSV.file,ZTTol_A,A1,ZTTol_all,all1,density
UP¡¤IVH_1d_1_20¡¤VL_I¡¤Col9a3_Mag.csv,4.855421686746988,249,3.792104425342248,3141,1.2804029483731247
