CSV.file,ZTTol_A,A1,ZTTol_all,all1,density
DOWN，IVH_1d_1_150，MB_TH，Clu_Lrp2.csv,3.175757575757576,330,3.2152777777777777,3168,0.9877086196740624
DOWN，IVH_1d_1_150，MB_TH，Clu_Lrp8.csv,3.7666666666666666,330,3.7787247474747474,3168,0.9968089549745217
DOWN，IVH_1d_1_150，MB_TH，Clu_Vldlr.csv,3.7151515151515153,330,3.85385101010101,3168,0.9640101564419691
