CSV.file,ZTTol_A,A1,ZTTol_all,all1,density
UP，IVH_1d_1_110，VL_fxs，Col9a3_Mag.csv,4.873333333333333,300,3.7982945227943588,3049,1.2830319776645656
UP，IVH_1d_1_110，VL_fxs，Fgf23_Kl.csv,4.0,300,4.0,3049,1.0
UP，IVH_1d_1_110，VL_fxs，Sostdc1_LrP6.csv,4.0,300,4.0,3049,1.0
