CSV.file,ZTTol_A,A1,ZTTol_all,all1,density
UP，IVH_3d_3_150，MB_TH，Adcyap1_Ramp3.csv,4.1610486891385765,534,3.5580560991519894,3066,1.1694724796863945
UP，IVH_3d_3_150，MB_TH，Adm2_Ramp3.csv,4.0,534,4.0,3066,1.0
UP，IVH_3d_3_150，MB_TH，Cck_Cckar.csv,3.346441947565543,534,3.1793868232224396,3066,1.0525431894989694
UP，IVH_3d_3_150，MB_TH，Cck_Cckbr.csv,2.958801498127341,534,4.327136333985649,3066,0.6837782010445788
UP，IVH_3d_3_150，MB_TH，Fyn_Thy1.csv,4.340823970037453,534,4.250815394651011,3066,1.0211744258524387
UP，IVH_3d_3_150，MB_TH，Iapp_Ramp3.csv,4.0,534,4.0,3066,1.0
UP，IVH_3d_3_150，MB_TH，Ntng1_Lrrc4c.csv,4.735955056179775,534,4.006523157208089,3066,1.1820610714952124
UP，IVH_3d_3_150，MB_TH，Vip_Ramp3.csv,3.3239700374531833,534,3.598173515981735,3066,0.9237937033023441
