CSV.file,ZTTol_A,A1,ZTTol_all,all1,density
DOWN，IVH_7d_2_110，COA_MB，Cck_Cckar.csv,3.276803118908382,513,3.1948051948051948,3003,1.025666016894087
DOWN，IVH_7d_2_110，COA_MB，Cck_Cckbr.csv,3.9415204678362574,513,4.159507159507159,3003,0.9475931442568475
DOWN，IVH_7d_2_110，COA_MB，Icam5_Itgal.csv,3.3567251461988303,513,3.3096903096903096,3003,1.0142112500286837
DOWN，IVH_7d_2_110，COA_MB，Icam5_Itgb2.csv,3.6978557504873293,513,3.5008325008325007,3003,1.0562789706756825
DOWN，IVH_7d_2_110，COA_MB，Nov_Notch1.csv,3.9746588693957117,513,3.675990675990676,3003,1.0812483544519722
DOWN，IVH_7d_2_110，COA_MB，Nptx1_Nptxr.csv,5.1423001949317735,513,4.445554445554445,3003,1.156728650590271
DOWN，IVH_7d_2_110，COA_MB，Nptx2_Nptxr.csv,4.682261208576998,513,4.281052281052281,3003,1.0937173622710583
DOWN，IVH_7d_2_110，COA_MB，Omg_Lingo1.csv,3.824561403508772,513,4.097569097569098,3003,0.9333732543467567
DOWN，IVH_7d_2_110，COA_MB，Rtn4_Lingo1.csv,3.7017543859649122,513,4.331335331335332,3003,0.8546450696588476
