CSV.file,ZTTol_A,A1,ZTTol_all,all1,density
UP，IVH_1d_1_20，MB_TH，Adcyap1_Ramp3.csv,4.200819672131147,488,3.702005730659026,3141,1.1347415368218037
UP，IVH_1d_1_20，MB_TH，Adm2_Ramp3.csv,3.014344262295082,488,3.2591531359439667,3141,0.9248857407315476
UP，IVH_1d_1_20，MB_TH，Cck_Cckar.csv,3.375,488,3.2142629735752943,3141,1.0500074286846277
UP，IVH_1d_1_20，MB_TH，Cck_Cckbr.csv,3.2991803278688523,488,4.318369945877109,3141,0.7639874233143664
UP，IVH_1d_1_20，MB_TH，Iapp_Ramp3.csv,4.0,488,4.0,3141,1.0
UP，IVH_1d_1_20，MB_TH，Ntng1_Lrrc4.csv,4.977459016393443,488,3.7975167144221587,3141,1.3107141826368045
UP，IVH_1d_1_20，MB_TH，Vip_Ramp3.csv,3.377049180327869,488,3.4797835084368036,3141,0.9704768047035532
