CSV.file,ZTTol_A,A1,ZTTol_all,all1,density
UP，IVH_3d_3_110，CA1_DG，Clu_Lrp2.csv,3.1273408239700373,267,3.293230769230769,3250,0.9496269903674317
UP，IVH_3d_3_110，CA1_DG，Clu_Lrp8.csv,4.4344569288389515,267,3.9243076923076923,3250,1.1299972572311896
UP，IVH_3d_3_110，CA1_DG，Clu_Vldlr.csv,4.258426966292135,267,3.9341538461538463,3250,1.082425124389914
UP，IVH_3d_3_110，CA1_DG，Cst3_Lrp2.csv,3.1161048689138577,267,3.2766153846153845,3250,0.95101331805522
UP，IVH_3d_3_110，CA1_DG，Sema5a_Met.csv,3.3183520599250937,267,3.4064615384615387,3250,0.9741346034465318
UP，IVH_3d_3_110，CA1_DG，Sema5a_Plxna1.csv,4.404494382022472,267,3.9775384615384617,3250,1.1073417453061833
UP，IVH_3d_3_110，CA1_DG，Sema5a_Plxnb3.csv,3.853932584269663,267,3.6886153846153844,3250,1.0448182264661665
