CSV.file,ZTTol_A,A1,ZTTol_all,all1,density
UP，IVH_1d_1_50，VL_fxs，Col9a3_Mag.csv,4.739612188365651,361,3.7479987191802753,3123,1.2645714535895711
UP，IVH_1d_1_50，VL_fxs，Fgf23_Kl.csv,4.0,361,4.0,3123,1.0
UP，IVH_1d_1_50，VL_fxs，Sostdc1_LrP6.csv,4.0,361,4.0,3123,1.0
