CSV.file,ZTTol_A,A1,ZTTol_all,all1,density
UP，IVH_3d_3_130，CA1_DG，Clu_Lrp2.csv,3.2934782608695654,184,3.263545150501672,2990,1.0091719614675139
UP，IVH_3d_3_130，CA1_DG，Clu_Lrp8.csv,4.3478260869565215,184,3.936789297658863,2990,1.1044091411095063
UP，IVH_3d_3_130，CA1_DG，Clu_Vldlr.csv,4.331521739130435,184,3.9204013377926423,2990,1.1048669169083774
UP，IVH_3d_3_130，CA1_DG，Cst3_Lrp2.csv,3.282608695652174,184,3.2561872909698995,2990,1.008114215283484
UP，IVH_3d_3_130，CA1_DG，Sema5a_Met.csv,3.3369565217391304,184,3.4050167224080266,2990,0.9800117866614282
UP，IVH_3d_3_130，CA1_DG，Sema5a_Plxna1.csv,4.25,184,4.016722408026756,2990,1.058076602830974
UP，IVH_3d_3_130，CA1_DG，Sema5a_Plxnb3.csv,3.847826086956522,184,3.6622073578595318,2990,1.0506849315068494
