CSV.file,ZTTol_A,A1,ZTTol_all,all1,density
UP，IVH_3d_3_20，MB_TH，Adcyap1_Ramp3.csv,4.267942583732057,418,3.6303405572755416,3230,1.1756314638798009
UP，IVH_3d_3_20，MB_TH，Adm2_Ramp3.csv,4.0,418,4.0,3230,1.0
UP，IVH_3d_3_20，MB_TH，Cck_Cckar.csv,3.4688995215311005,418,3.2656346749226004,3230,1.0622435963732892
UP，IVH_3d_3_20，MB_TH，Cck_Cckbr.csv,3.299043062200957,418,4.373993808049535,3230,0.7542404509420365
UP，IVH_3d_3_20，MB_TH，Fyn_Thy1.csv,4.966507177033493,418,4.246439628482972,3230,1.1695697128767994
UP，IVH_3d_3_20，MB_TH，Iapp_Ramp3.csv,4.0,418,4.0,3230,1.0
UP，IVH_3d_3_20，MB_TH，Ntng1_Lrrc4c.csv,4.911483253588517,418,3.9102167182662537,3230,1.2560642049953215
UP，IVH_3d_3_20，MB_TH，Vip_Ramp3.csv,3.3157894736842106,418,3.4538699690402477,3230,0.960021513087128
