CSV.file,ZTTol_A,A1,ZTTol_all,all1,density
UP，IVH_S1_80，VL_fxs，Gnb2_Kcnj6.csv,3.122615803814714,367,3.3446254071661237,3070,0.9336219826364601
UP，IVH_S1_80，VL_fxs，Nptx1_Nptxr.csv,3.217983651226158,367,4.55928338762215,3070,0.7058090883235196
