CSV.file,ZTTol_A,A1,ZTTol_all,all1,density
UP¡¤IVH_1d_1_150¡¤VL_CA3¡¤Fyn_Thy1.csv,4.019950124688279,401,4.203598484848484,3168,0.9563116313743688
