CSV.file,ZTTol_A,A1,ZTTol_all,all1,density
DOWN，IVH_S1_50，VL_fxs，Fgf23_Kl.csv,4.0,360,4.0,3027,1.0
DOWN，IVH_S1_50，VL_fxs，M6pr_Igf1r.csv,4.180555555555555,360,4.021143045920053,3027,1.0396435808960456
DOWN，IVH_S1_50，VL_fxs，M6pr_Igf2r.csv,3.897222222222222,360,3.709943838784275,3027,1.0504801127931136
DOWN，IVH_S1_50，VL_fxs，M6pr_Insr.csv,3.9027777777777777,360,3.7773372976544435,3027,1.0332087050317764
DOWN，IVH_S1_50，VL_fxs，Rarres2_Ccrl2.csv,3.4555555555555557,360,3.352824578790882,3027,1.030640128748317
DOWN，IVH_S1_50，VL_fxs，Sema3b_Nrp1.csv,4.313888888888889,360,3.6934258341592336,3027,1.1679912045319023
DOWN，IVH_S1_50，VL_fxs，Sema3b_Nrp2.csv,4.316666666666666,360,3.5764783614139413,3027,1.2069600960650286
DOWN，IVH_S1_50，VL_fxs，Sema3b_Plxna1.csv,3.975,360,3.335645853980839,3027,1.1916732692879075
DOWN，IVH_S1_50，VL_fxs，Tcn2_Lrp2.csv,3.1444444444444444,360,3.197224975222993,3027,0.9834917682716815
