CSV.file,ZTTol_A,A1,ZTTol_all,all1,density
UP，IVH_3d_3_130，CA1_CA3，Gnas_Gcgr.csv,4.0,198,4.0,2990,1.0
UP，IVH_3d_3_130，CA1_CA3，Gnas_Htr6.csv,4.0,198,3.460200668896321,2990,1.1560023197370966
UP，IVH_3d_3_130，CA1_CA3，Gnas_Lhcgr.csv,3.186868686868687,198,3.1899665551839465,2990,0.9990288712243001
UP，IVH_3d_3_130，CA1_CA3，Gnas_Ptgdr.csv,3.191919191919192,198,3.2140468227424748,2990,0.9931153365076363
UP，IVH_3d_3_130，CA1_CA3，Gnas_Pth1r.csv,3.4797979797979797,198,3.791304347826087,2990,0.9178366231118524
UP，IVH_3d_3_130，CA1_CA3，Nptx1_Nptxr.csv,5.646464646464646,198,4.510033444816053,2990,1.2519784421897882
UP，IVH_3d_3_130，CA1_CA3，Nptx2_Nptxr.csv,4.616161616161616,198,4.316053511705686,2990,1.069532989718964
