CSV.file,ZTTol_A,A1,ZTTol_all,all1,density
UP，IVH_3d_3_130，MB_TH，Adcyap1_Ramp3.csv,4.036496350364963,137,3.731103678929766,2990,1.081850491895952
UP，IVH_3d_3_130，MB_TH，Adm2_Ramp3.csv,3.0,137,3.2531772575250835,2990,0.9221753880949933
UP，IVH_3d_3_130，MB_TH，Cck_Cckar.csv,3.0,137,3.209364548494983,2990,0.9347644852021676
UP，IVH_3d_3_130，MB_TH，Cck_Cckbr.csv,3.3503649635036497,137,4.462541806020067,2990,0.7507750311680966
UP，IVH_3d_3_130，MB_TH，Fyn_Thy1.csv,5.956204379562044,137,4.317725752508361,2990,1.379477234306004
UP，IVH_3d_3_130，MB_TH，Iapp_Ramp3.csv,4.0,137,4.0,2990,1.0
UP，IVH_3d_3_130，MB_TH，Ntng1_Lrrc4c.csv,5.299270072992701,137,4.05819397993311,2990,1.305819805360819
UP，IVH_3d_3_130，MB_TH，Vip_Ramp3.csv,3.846715328467153,137,3.6953177257525085,2990,1.0409701178492885
