CSV.file,ZTTol_A,A1,ZTTol_all,all1,density
DOWN，IVH_3d_3_50，V-VIa-VIb_RSP，Nptx1_Nptxr.csv,2.9297297297297296,185,4.504023173479241,3107,0.6504695062362633
DOWN，IVH_3d_3_50，V-VIa-VIb_RSP，Rtn4_Cntnap1.csv,4.648648648648648,185,4.182169295140007,3107,1.1115400455095696
DOWN，IVH_3d_3_50，V-VIa-VIb_RSP，Rtn4_Lingo1.csv,4.605405405405405,185,4.326359832635983,3107,1.0644989283287156
DOWN，IVH_3d_3_50，V-VIa-VIb_RSP，Rtn4_Ngfr.csv,3.1243243243243244,185,3.1841004184100417,3107,0.9812266931846433
DOWN，IVH_3d_3_50，V-VIa-VIb_RSP，Rtn4_Rtn4r.csv,4.356756756756757,185,4.289668490505311,3107,1.0156394990428603
DOWN，IVH_3d_3_50，V-VIa-VIb_RSP，Rtn4_Rtn4rl2.csv,3.016216216216216,185,3.0997747022851625,3107,0.9730436905600439
DOWN，IVH_3d_3_50，V-VIa-VIb_RSP，Rtn4_S1pr2.csv,3.2216216216216216,185,3.3176697779208237,3107,0.9710495128422952
