CSV.file,ZTTol_A,A1,ZTTol_all,all1,density
DOWN，IVH_1d_1_80，VL_I，Col9a3_Mag.csv,5.0256410256410255,312,3.739962358845671,3188,1.3437678092546834
DOWN，IVH_1d_1_80，VL_I，Fgf23_Kl.csv,4.0,312,4.0,3188,1.0
DOWN，IVH_1d_1_80，VL_I，Nptx1_Nptxr.csv,4.375,312,4.570263488080301,3188,0.9572752230610844
DOWN，IVH_1d_1_80，VL_I，Nptx2_Nptxr.csv,4.358974358974359,312,4.364178168130489,3188,0.9988076084532636
