CSV.file,ZTTol_A,A1,ZTTol_all,all1,density
UP，IVH_1d_1_110，VL_CA1，Icam5_Itgal.csv,3.3439306358381504,346,3.384716300426369,3049,0.9879500492897791
UP，IVH_1d_1_110，VL_CA1，Icam5_Itgb2.csv,3.7341040462427744,346,3.5565759265332897,3049,1.049915458962949
