CSV.file,ZTTol_A,A1,ZTTol_all,all1,density
UP，IVH_3d_3_150，TH_CA1，Adcyap1_Ramp3.csv,3.5328083989501313,381,3.5580560991519894,3066,0.9929040747255572
UP，IVH_3d_3_150，TH_CA1，Adm2_Ramp3.csv,4.0,381,4.0,3066,1.0
UP，IVH_3d_3_150，TH_CA1，Cck_Cckar.csv,3.1233595800524934,381,3.1793868232224396,3066,0.9823779721420748
UP，IVH_3d_3_150，TH_CA1，Cck_Cckbr.csv,3.320209973753281,381,4.327136333985649,3066,0.7672995989694399
UP，IVH_3d_3_150，TH_CA1，Iapp_Ramp3.csv,4.0,381,4.0,3066,1.0
UP，IVH_3d_3_150，TH_CA1，Vip_Ramp3.csv,3.4304461942257216,381,3.598173515981735,3066,0.9533854270754226
