CSV.file,ZTTol_A,A1,ZTTol_all,all1,density
UP¡¤IVH_1d_1_110¡¤VL_CA3¡¤Fyn_Thy1.csv,3.9444444444444446,342,4.21449655624795,3049,0.9359230436662344
