CSV.file,ZTTol_A,A1,ZTTol_all,all1,density
UP，IVH_7d_2_110，COA_MB，Agt_Agtr1a.csv,3.413255360623782,513,3.4202464202464204,3003,0.9979559777970224
UP，IVH_7d_2_110，COA_MB，Agt_Agtr1b.csv,3.0701754385964914,513,3.311022311022311,3003,0.9272590608574137
UP，IVH_7d_2_110，COA_MB，Agt_Agtr2.csv,3.189083820662768,513,3.402930402930403,3003,0.937158108763117
UP，IVH_7d_2_110，COA_MB，Agt_Lrp2.csv,3.1306042884990255,513,3.345987345987346,3003,0.9356294464930905
UP，IVH_7d_2_110，COA_MB，Agt_Mas1.csv,3.8635477582846005,513,3.40992340992341,3003,1.1330306560672514
UP，IVH_7d_2_110，COA_MB，Podxl2_Sell.csv,4.0,513,4.0,3003,1.0
UP，IVH_7d_2_110，COA_MB，Prnd_Rpsa.csv,4.0,513,4.0,3003,1.0
