CSV.file,ZTTol_A,A1,ZTTol_all,all1,density
UP，IVH_1d_1_50，I_RSP，Calm2_Adcy8.csv,3.909090909090909,297,3.9494076208773614,3123,0.9897917065907986
UP，IVH_1d_1_50，I_RSP，Calm2_Cacna1c.csv,3.5286195286195285,297,4.183157220621197,3123,0.8435302195253206
UP，IVH_1d_1_50，I_RSP，Calm2_Grm7.csv,3.8686868686868685,297,4.019532500800512,3123,0.9624718466429611
UP，IVH_1d_1_50，I_RSP，Calm2_Kcnq3.csv,3.9023569023569022,297,4.395453089977585,3123,0.8878167557412842
UP，IVH_1d_1_50，I_RSP，Calm2_Mylk.csv,3.3434343434343434,297,3.727185398655139,3123,0.8970399875039051
UP，IVH_1d_1_50，I_RSP，Calm2_Scn10a.csv,3.0841750841750843,297,3.218379763048351,3123,0.9583005460032622
UP，IVH_1d_1_50，I_RSP，Calm2_Scn4a.csv,4.0,297,4.0,3123,1.0
UP，IVH_1d_1_50，I_RSP，Calm2_Trpc5.csv,3.31986531986532,297,3.2225424271533782,3123,1.0302006552006553
UP，IVH_1d_1_50，I_RSP，Hspa8_Aqp2.csv,3.1481481481481484,297,3.10566762728146,3123,1.0136783860879128
