CSV.file,ZTTol_A,A1,ZTTol_all,all1,density
UP，IVH_1d_1_110，TH_CA3，Dkk3_Kremen1.csv,3.8851674641148324,418,3.7464742538537226,3049,1.0370196619177208
UP，IVH_1d_1_110，TH_CA3，Fyn_Thy1.csv,5.083732057416268,418,4.21449655624795,3049,1.2062489527674862
UP，IVH_1d_1_110，TH_CA3，Icam5_Itgal.csv,3.3157894736842106,418,3.384716300426369,3049,0.9796358629130968
UP，IVH_1d_1_110，TH_CA3，Icam5_Itgb2.csv,3.526315789473684,418,3.5565759265332897,3049,0.9914917781358596
UP，IVH_1d_1_110，TH_CA3，Nptx1_Nptxr.csv,5.007177033492823,418,4.610036077402427,3049,1.0861470386396996
UP，IVH_1d_1_110，TH_CA3，Nptx2_Nptxr.csv,3.9952153110047846,418,4.378156772712365,3049,0.9125336342238061
