CSV.file,ZTTol_A,A1,ZTTol_all,all1,density
DOWN，IVH_7d_2_110，VL_COA，Amelx_Cd63.csv,4.0,358,4.0,3003,1.0
DOWN，IVH_7d_2_110，VL_COA，Clu_Lrp2.csv,3.201117318435754,358,3.2221112221112223,3003,0.9934844261329651
DOWN，IVH_7d_2_110，VL_COA，Clu_Lrp8.csv,4.455307262569832,358,3.76989676989677,3003,1.1818114750902928
DOWN，IVH_7d_2_110，VL_COA，Clu_Vldlr.csv,4.608938547486034,358,3.8265068265068267,3003,1.2044767607780487
DOWN，IVH_7d_2_110，VL_COA，Fgf23_Kl.csv,4.0,358,4.0,3003,1.0
DOWN，IVH_7d_2_110，VL_COA，Sostdc1_Lrp6.csv,4.737430167597766,358,3.6849816849816848,3003,1.2856048069127137
DOWN，IVH_7d_2_110，VL_COA，Timp1_Cd63.csv,3.2905027932960893,358,3.2933732933732935,3003,0.9991284012404607
DOWN，IVH_7d_2_110，VL_COA，Trf_Tfr2.csv,3.315642458100559,358,3.423909423909424,3003,0.9683791384629428
DOWN，IVH_7d_2_110，VL_COA，Trf_Tfrc.csv,3.089385474860335,358,3.897102897102897,3003,0.7927390054691605
