CSV.file,ZTTol_A,A1,ZTTol_all,all1,density
UP，IVH_1d_1_150，VL_fxs，Fgf23_Kl.csv,4.0,411,4.0,3168,1.0
UP，IVH_1d_1_150，VL_fxs，Sostdc1_Lrp6.csv,4.866180048661801,411,3.6123737373737375,3168,1.3470865426564649
