CSV.file,ZTTol_A,A1,ZTTol_all,all1,density
UP，IVH_1d_1_130，VL_cpd， Vip_Npr3.csv,4.0,419,4.0,3166,1.0
UP，IVH_1d_1_130，VL_cpd，Lama5_ Bcam.csv,4.0,419,4.0,3166,1.0
UP，IVH_1d_1_130，VL_cpd，Lama5_Itgb4.csv,4.004773269689737,419,3.6051800379027164,3166,1.1108386342945251
UP，IVH_1d_1_130，VL_cpd，Lin7c_Htr2c.csv,4.16945107398568,419,3.8417561591914087,3166,1.0852982076986486
UP，IVH_1d_1_130，VL_cpd，Nppa_Npr3.csv,3.620525059665871,419,3.6816171825647506,3166,0.9834061718344327
UP，IVH_1d_1_130，VL_cpd，Nppb_Npr3.csv,3.568019093078759,419,3.6576121288692356,3166,0.9755050473823274
UP，IVH_1d_1_130，VL_cpd，Nppc_Npr3.csv,3.6252983293556085,419,3.716993051168667,3166,0.9753309407494779
UP，IVH_1d_1_130，VL_cpd，Ostn_Npr3.csv,3.568019093078759,419,3.6493998736576123,3166,0.9777002292441882
UP，IVH_1d_1_130，VL_cpd，Sostdc1_ Lrp6.csv,4.0,419,4.0,3166,1.0
