CSV.file,ZTTol_A,A1,ZTTol_all,all1,density
UP，IVH_3d_3_150，CA1_CA3，Gnas_Gcgr.csv,3.3886363636363637,440,3.2100456621004567,3066,1.055634941161257
UP，IVH_3d_3_150，CA1_CA3，Gnas_Htr6.csv,4.038636363636364,440,3.455968688845401,3066,1.1685974981982912
UP，IVH_3d_3_150，CA1_CA3，Gnas_Lhcgr.csv,3.2636363636363637,440,3.2129810828440966,3066,1.0157658198060189
UP，IVH_3d_3_150，CA1_CA3，Gnas_Ptgdr.csv,3.3363636363636364,440,3.2517938682322245,3066,1.0260071122458283
UP，IVH_3d_3_150，CA1_CA3，Gnas_Pth1r.csv,3.559090909090909,440,3.8724722765818655,3066,0.9190746001240401
UP，IVH_3d_3_150，CA1_CA3，Nptx1_Nptxr.csv,5.663636363636364,440,4.515003261578604,3066,1.2544036040532465
UP，IVH_3d_3_150，CA1_CA3，Nptx2_Nptxr.csv,4.3568181818181815,440,4.305609915198956,3066,1.011893382732713
