CSV.file,ZTTol_A,A1,ZTTol_all,all1,density
UP，IVH_1d_1_80，I_RSP，Calm2_Adcy8.csv,4.0038167938931295,262,3.936323713927227,3188,1.0171462219245595
UP，IVH_1d_1_80，I_RSP，Calm2_Cacna1c.csv,3.7786259541984735,262,4.222082810539523,3188,0.894967276521897
UP，IVH_1d_1_80，I_RSP，Calm2_Grm7.csv,3.8587786259541983,262,4.04297365119197,3188,0.954440705992861
UP，IVH_1d_1_80，I_RSP，Calm2_Kcnq3.csv,4.072519083969466,262,4.409974905897114,3188,0.9234789700330506
UP，IVH_1d_1_80，I_RSP，Calm2_Mylk.csv,3.3931297709923665,262,3.7863864491844414,3188,0.8961393181943224
UP，IVH_1d_1_80，I_RSP，Calm2_Scn10a.csv,3.0801526717557253,262,3.268193224592221,3188,0.9424634530720081
UP，IVH_1d_1_80，I_RSP，Calm2_Scn4a.csv,4.0,262,4.0,3188,1.0
UP，IVH_1d_1_80，I_RSP，Calm2_Trpc5.csv,3.064885496183206,262,3.2327478042659976,3188,0.9480744189629401
UP，IVH_1d_1_80，I_RSP，Hspa8_Aqp2.csv,3.1412213740458017,262,3.0975533249686324,3188,1.014097593970432
