CSV.file,ZTTol_A,A1,ZTTol_all,all1,density
UP¡¤IVH_1d_1_130¡¤VL_I¡¤Col9a3_Mag.csv,4.732758620689655,348,3.775110549589387,3166,1.2536741794765267
