CSV.file,ZTTol_A,A1,ZTTol_all,all1,density
DOWN，IVH_7d_2_110，TH_CA1，Adcyap1_Ramp3.csv,4.416309012875536,233,3.670662670662671,3003,1.2031367110283258
DOWN，IVH_7d_2_110，TH_CA1，Adm2_Ramp3.csv,4.0,233,4.0,3003,1.0
DOWN，IVH_7d_2_110，TH_CA1，Iapp_Ramp3.csv,4.0,233,4.0,3003,1.0
DOWN，IVH_7d_2_110，TH_CA1，Ntng1_Lrr4c.csv,4.0,233,4.0,3003,1.0
DOWN，IVH_7d_2_110，TH_CA1，Vip_Ramp3.csv,4.0042918454935625,233,3.46986346986347,3003,1.154020001153279
