CSV.file,ZTTol_A,A1,ZTTol_all,all1,density
UP，IVH_1d_1_80，VL_fxs，Fgf23_Kl.csv,4.0,363,4.0,3188,1.0
UP，IVH_1d_1_80，VL_fxs，Sostdc1_Lrp6.csv,4.96969696969697,363,3.633626097867001,3188,1.3676963000167421
