CSV.file,ZTTol_A,A1,ZTTol_all,all1,density
UP，IVH_7d_2_80，VL_I，Cck_Cckar.csv,3.334763948497854,233,3.1958696353662472,3099,1.0434605691028727
UP，IVH_7d_2_80，VL_I，Cck_Cckbr.csv,3.351931330472103,233,4.097128105840594,3099,0.818117287007407
UP，IVH_7d_2_80，VL_I，Dkk3_Kremen1.csv,3.2832618025751072,233,3.616650532429816,3099,0.9078183731424212
