CSV.file,ZTTol_A,A1,ZTTol_all,all1,density
UP，IVH_7d_2_110，I_RSP，Calm2_Adcy8.csv,3.9586206896551723,290,3.8834498834498836,3003,1.0193567082005215
UP，IVH_7d_2_110，I_RSP，Calm2_Cacna1c.csv,3.5310344827586206,290,4.101232101232101,3003,0.860969190623915
UP，IVH_7d_2_110，I_RSP，Calm2_Grm7.csv,3.7586206896551726,290,3.995004995004995,3003,0.9408300350949806
UP，IVH_7d_2_110，I_RSP，Calm2_Kcnq3.csv,3.7448275862068967,290,4.322677322677323,3003,0.8663213343640175
UP，IVH_7d_2_110，I_RSP，Calm2_Mylk.csv,3.331034482758621,290,3.7022977022977024,3003,0.8997208627202858
UP，IVH_7d_2_110，I_RSP，Calm2_Scn10a.csv,3.079310344827586,290,3.2404262404262405,3003,0.950279412754829
UP，IVH_7d_2_110，I_RSP，Calm2_Scn4a.csv,4.0,290,4.0,3003,1.0
UP，IVH_7d_2_110，I_RSP，Calm2_Trpc5.csv,3.179310344827586,290,3.2144522144522143,3003,0.9890675401965442
