CSV.file,ZTTol_A,A1,ZTTol_all,all1,density
UP，IVH_3d_3_50，cpd_MB，Gnas_Gcgr.csv,4.0,518,4.0,3107,1.0
UP，IVH_3d_3_50，cpd_MB，Gnas_Htr6.csv,3.2355212355212357,518,3.3675571290634054,3107,0.9607917880879746
UP，IVH_3d_3_50，cpd_MB，Gnas_Lhcgr.csv,3.276061776061776,518,3.1573865465078854,3107,1.0375865380452536
UP，IVH_3d_3_50，cpd_MB，Gnas_Ptgdr.csv,3.1621621621621623,518,3.188284518828452,3107,0.9918067673973185
UP，IVH_3d_3_50，cpd_MB，Gnas_Pth1r.csv,3.7046332046332044,518,3.6569037656903767,3107,1.0130518717475239
