CSV.file,ZTTol_A,A1,ZTTol_all,all1,density
DOWN，IVH_3d_3_150，CA1_CA3，Clu_Lrp2.csv,3.1295454545454544,440,3.2452707110241357,3066,0.9643403380539058
DOWN，IVH_3d_3_150，CA1_CA3，Clu_Lrp8.csv,3.7363636363636363,440,3.893672537508154,3066,0.959598836412373
DOWN，IVH_3d_3_150，CA1_CA3，Clu_Vldlr.csv,3.4545454545454546,440,3.8519243313763862,3066,0.8968362712647218
DOWN，IVH_3d_3_150，CA1_CA3，Cst3_Lrp2.csv,3.202272727272727,440,3.2879973907371167,3066,0.9739280013707153
DOWN，IVH_3d_3_150，CA1_CA3，Nov_Notch1.csv,3.45,440,3.8610567514677103,3066,0.8935377597567157
DOWN，IVH_3d_3_150，CA1_CA3，Rpsa_Prnd.csv,4.0,440,4.0,3066,1.0
DOWN，IVH_3d_3_150，CA1_CA3，Trf_Tfr2.csv,3.0636363636363635,440,3.400195694716243,3066,0.9010176586003923
DOWN，IVH_3d_3_150，CA1_CA3，Trf_Tfrc.csv,3.2886363636363636,440,3.906718851924331,3066,0.8417898723417174
