CSV.file,ZTTol_A,A1,ZTTol_all,all1,density
DOWN，IVH_7d_2_80，TH_CA1，Adcyap1_Ramp3.csv,4.216326530612245,245,3.6560180703452727,3099,1.1532564799971181
DOWN，IVH_7d_2_80，TH_CA1，Adm2_Ramp3.csv,4.0,245,4.0,3099,1.0
DOWN，IVH_7d_2_80，TH_CA1，Iapp_Ramp3.csv,4.0,245,4.0,3099,1.0
DOWN，IVH_7d_2_80，TH_CA1，Ntng1_Lrr4c.csv,4.0,245,4.0,3099,1.0
DOWN，IVH_7d_2_80，TH_CA1，Vip_Ramp3.csv,3.1877551020408164,245,3.562116811874798,3099,0.8949047070590171
