CSV.file,ZTTol_A,A1,ZTTol_all,all1,density
DOWN，IVH_3d_3_110，HYL_TH，Cnp_Npr1.csv,3.822299651567944,574,3.5193846153846153,3250,1.0860704552890208
DOWN，IVH_3d_3_110，HYL_TH，Cnp_Npr2.csv,4.7613240418118465,574,3.7713846153846156,3250,1.2624869981144244
DOWN，IVH_3d_3_110，HYL_TH，Cnp_Npr3.csv,3.1881533101045294,574,3.3596923076923075,3250,0.948942051272069
DOWN，IVH_3d_3_110，HYL_TH，Col2a1_Mag.csv,3.3066202090592336,574,3.4384615384615387,3250,0.9616568840664437
DOWN，IVH_3d_3_110，HYL_TH，Col3a1_Mag.csv,3.3536585365853657,574,3.4252307692307693,3250,0.9791044056685626
DOWN，IVH_3d_3_110，HYL_TH，Col9a1_Mag.csv,3.254355400696864,574,3.383384615384615,3250,0.9618638643383783
DOWN，IVH_3d_3_110，HYL_TH，Col9a2_Mag.csv,4.407665505226481,574,3.7424615384615385,3250,1.1777450375718213
DOWN，IVH_3d_3_110，HYL_TH，Col9a3_Mag.csv,4.365853658536586,574,3.809846153846154,3250,1.1459396212440562
DOWN，IVH_3d_3_110，HYL_TH，Lgala3_Mag.csv,4.0,574,4.0,3250,1.0
