CSV.file,ZTTol_A,A1,ZTTol_all,all1,density
DOWN，IVH_1d_1_50，TH_CA3，Adcyap1_Ramp3.csv,3.6666666666666665,318,3.6253602305475505,3123,1.0113937466878642
DOWN，IVH_1d_1_50，TH_CA3，Adm2_Ramp3.csv,4.0,318,4.0,3123,1.0
DOWN，IVH_1d_1_50，TH_CA3，Iapp_Ramp3.csv,4.0,318,4.0,3123,1.0
DOWN，IVH_1d_1_50，TH_CA3，Ntng1_Lrrc4c.csv,4.959119496855346,318,3.840217739353186,3123,1.2913641448077415
DOWN，IVH_1d_1_50，TH_CA3，Vip_Ramp3.csv,3.49685534591195,318,3.4927953890489913,3123,1.0011623803889824
