CSV.file,ZTTol_A,A1,ZTTol_all,all1,density
UP，IVH_1d_1_20，VL_CA1，Icam5_Itgal.csv,3.1008645533141213,347,3.317414836039478,3141,0.9347231825297173
UP，IVH_1d_1_20，VL_CA1，Icam5_Itgb2.csv,3.7463976945244957,347,3.531359439668895,3141,1.0608939017761847
