CSV.file,ZTTol_A,A1,ZTTol_all,all1,density
UP，IVH_7d_2_80，COA_MB，Agt_Agtr1a.csv,3.377155172413793,464,3.4130364633752825,3099,0.9894869886839694
UP，IVH_7d_2_80，COA_MB，Agt_Agtr1b.csv,4.0,464,4.0,3099,1.0
UP，IVH_7d_2_80，COA_MB，Agt_Agtr2.csv,3.4310344827586206,464,3.414649887060342,3099,1.004798323763841
UP，IVH_7d_2_80，COA_MB，Agt_Lrp2.csv,3.3620689655172415,464,3.362374959664408,3099,0.999908994638957
UP，IVH_7d_2_80，COA_MB，Agt_Mas1.csv,3.586206896551724,464,3.4178767344304615,3099,1.0492499218668612
UP，IVH_7d_2_80，COA_MB，Podxl2_Sell.csv,3.0043103448275863,464,3.1035818005808324,3099,0.9680139071138169
UP，IVH_7d_2_80，COA_MB，Prnd_Rpsa.csv,4.0,464,4.0,3099,1.0
