CSV.file,ZTTol_A,A1,ZTTol_all,all1,density
DOWN，IVH_3d_3_150，TH_CA1，Adcyap1_Ramp3.csv,3.5328083989501313,381,3.5580560991519894,3066,0.9929040747255572
DOWN，IVH_3d_3_150，TH_CA1，Adm2_Ramp3.csv,4.0,381,4.0,3066,1.0
DOWN，IVH_3d_3_150，TH_CA1，Fyn_Thy1.csv,4.16010498687664,381,4.250815394651011,3066,0.9786604687918192
DOWN，IVH_3d_3_150，TH_CA1，Iapp_Ramp3.csv,4.0,381,4.0,3066,1.0
DOWN，IVH_3d_3_150，TH_CA1，Ntng1_Lrrc4c.csv,4.244094488188976,381,4.006523157208089,3066,1.0592961332454738
DOWN，IVH_3d_3_150，TH_CA1，Vip_Ramp3.csv,3.4304461942257216,381,3.598173515981735,3066,0.9533854270754226
