CSV.file,ZTTol_A,A1,ZTTol_all,all1,density
DOWN，IVH_3d_3_130，V-VIa-VIb_RSP，Nptx1_Nptxr.csv,2.9313725490196076,102,4.510033444816053,2990,0.6499669203981184
DOWN，IVH_3d_3_130，V-VIa-VIb_RSP，Rtn4_Cntnap1.csv,5.019607843137255,102,4.236789297658863,2990,1.1847669285586038
DOWN，IVH_3d_3_130，V-VIa-VIb_RSP，Rtn4_Lingo1.csv,4.666666666666667,102,4.354515050167224,2990,1.07168458781362
DOWN，IVH_3d_3_130，V-VIa-VIb_RSP，Rtn4_Ngfr.csv,3.5,102,3.245819397993311,2990,1.0783101494075218
DOWN，IVH_3d_3_130，V-VIa-VIb_RSP，Rtn4_Rtn4r.csv,4.764705882352941,102,4.240802675585284,2990,1.123538689923919
DOWN，IVH_3d_3_130，V-VIa-VIb_RSP，Rtn4_Rtn4rl2.csv,3.019607843137255,102,3.1183946488294314,2990,0.9683212624389095
DOWN，IVH_3d_3_130，V-VIa-VIb_RSP，Rtn4_S1pr2.csv,3.235294117647059,102,3.4518394648829434,2990,0.9372666807251919
