CSV.file,ZTTol_A,A1,ZTTol_all,all1,density
UP，IVH_1d_1_80，VL_CA1，Icam5_Itgal.csv,3.1826280623608016,449,3.36198243412798,3188,0.9466521984331251
UP，IVH_1d_1_80，VL_CA1，Icam5_Itgb2.csv,3.7906458797327396,449,3.5476787954830615,3188,1.0684862126072479
