CSV.file,ZTTol_A,A1,ZTTol_all,all1,density
DOWN，IVH_1d_1_150，fxs_MB，Cck_Cckar.csv,3.309375,320,3.1972853535353534,3168,1.0350577549610032
DOWN，IVH_1d_1_150，fxs_MB，Cck_Cckbr.csv,3.903125,320,4.402777777777778,3168,0.8865141955835962
DOWN，IVH_1d_1_150，fxs_MB，Icam5_Itgal.csv,3.5625,320,3.3424873737373737,3168,1.0658230238927189
DOWN，IVH_1d_1_150，fxs_MB，Icam5_Itgb2.csv,3.54375,320,3.535037878787879,3168,1.0024645057594428
DOWN，IVH_1d_1_150，fxs_MB，Trf_Tfr2.csv,3.559375,320,3.4684343434343434,3168,1.026219512195122
DOWN，IVH_1d_1_150，fxs_MB，Trf_Tfrc.csv,5.13125,320,3.94760101010101,3168,1.2998400767631537
DOWN，IVH_1d_1_150，fxs_MB，Vim_Cd44.csv,4.396875,320,3.4845328282828283,3168,1.2618262523779327
