CSV.file,ZTTol_A,A1,ZTTol_all,all1,density
UP，IVH_7d_2_110，I_V-VIa-VIb，Calm2_Adcy8.csv,3.0303030303030303,165,3.8834498834498836,3003,0.78031212484994
UP，IVH_7d_2_110，I_V-VIa-VIb，Calm2_Cacna1c.csv,2.896969696969697,165,4.101232101232101,3003,0.7063657031503735
UP，IVH_7d_2_110，I_V-VIa-VIb，Calm2_Grm7.csv,2.806060606060606,165,3.995004995004995,3003,0.7023922647328499
UP，IVH_7d_2_110，I_V-VIa-VIb，Calm2_Kcnq3.csv,2.721212121212121,165,4.322677322677323,3003,0.6295200677913874
UP，IVH_7d_2_110，I_V-VIa-VIb，Calm2_Mylk.csv,3.327272727272727,165,3.7022977022977024,3003,0.8987048030221262
UP，IVH_7d_2_110，I_V-VIa-VIb，Calm2_Scn10a.csv,3.139393939393939,165,3.2404262404262405,3003,0.9688212927756653
UP，IVH_7d_2_110，I_V-VIa-VIb，Calm2_Scn4a.csv,4.0,165,4.0,3003,1.0
UP，IVH_7d_2_110，I_V-VIa-VIb，Calm2_Trpc5.csv,3.139393939393939,165,3.2144522144522143,3003,0.9766497461928934
UP，IVH_7d_2_110，I_V-VIa-VIb，Hspa8_Aqp2.csv,3.2181818181818183,165,3.113886113886114,3003,1.0334937439846006
