CSV.file,ZTTol_A,A1,ZTTol_all,all1,density
UP，IVH_S1_110，VL_fxs，Gnb2_Kcnj6.csv,3.1018518518518516,324,3.277678251522752,2791,0.9463564187274287
UP，IVH_S1_110，VL_fxs，Nptx1_Nptxr.csv,3.182098765432099,324,4.467574346112505,2791,0.7122654306136007
