CSV.file,ZTTol_A,A1,ZTTol_all,all1,density
DOWN，IVH_1d_1_130，TH_CA3，Adcyap1_Ramp3.csv,3.8938906752411575,311,3.563802905874921,3166,1.0926223413820353
DOWN，IVH_1d_1_130，TH_CA3，Adm2_Ramp3.csv,4.0,311,4.0,3166,1.0
DOWN，IVH_1d_1_130，TH_CA3，Iapp_Ramp3.csv,4.0,311,4.0,3166,1.0
DOWN，IVH_1d_1_130，TH_CA3，Ntng1_Lrrc4c.csv,4.694533762057878,311,3.788060644346178,3166,1.239297414381326
DOWN，IVH_1d_1_130，TH_CA3，Vip_Ramp3.csv,3.684887459807074,311,3.7469993682880607,3166,0.9834235604610297
