CSV.file,ZTTol_A,A1,ZTTol_all,all1,density
UP，IVH_1d_1_150，MB_TH，Adcyap1_Ramp3.csv,4.012121212121212,330,3.5782828282828283,3168,1.1212420606916018
UP，IVH_1d_1_150，MB_TH，Adm2_Ramp3.csv,4.0,330,4.0,3168,1.0
UP，IVH_1d_1_150，MB_TH，Cck_Cckar.csv,3.3,330,3.1972853535353534,3168,1.0321255800177707
UP，IVH_1d_1_150，MB_TH，Cck_Cckbr.csv,3.212121212121212,330,4.402777777777778,3168,0.7295669630054488
UP，IVH_1d_1_150，MB_TH，Iapp_Ramp3.csv,4.0,330,4.0,3168,1.0
UP，IVH_1d_1_150，MB_TH，Ntng1_Lrrc4.csv,4.848484848484849,330,3.787878787878788,3168,1.28
UP，IVH_1d_1_150，MB_TH，Vip_Ramp3.csv,3.533333333333333,330,3.538510101010101,3168,0.9985370205173951
