CSV.file,ZTTol_A,A1,ZTTol_all,all1,density
UP，IVH_7d_2_80，VL_fxs，Calm2_Adcy8.csv,3.0287958115183247,382,3.908357534688609,3099,0.7749536178909584
UP，IVH_7d_2_80，VL_fxs，Calm2_Cacna1c.csv,2.992146596858639,382,4.040658276863504,3099,0.740509687243645
UP，IVH_7d_2_80，VL_fxs，Calm2_Grm7.csv,3.1910994764397906,382,4.015811552113585,3099,0.7946337707904307
UP，IVH_7d_2_80，VL_fxs，Calm2_Kcnq3.csv,2.9293193717277486,382,4.301387544369152,3099,0.6810173093011472
UP，IVH_7d_2_80，VL_fxs，Calm2_Mylk.csv,3.3010471204188483,382,3.717005485640529,3099,0.8880931527196815
UP，IVH_7d_2_80，VL_fxs，Calm2_Scn10a.csv,3.43979057591623,382,3.2620200064536946,3099,1.0544970812903747
UP，IVH_7d_2_80，VL_fxs，Calm2_Scn4a.csv,4.0,382,4.0,3099,1.0
UP，IVH_7d_2_80，VL_fxs，Calm2_Trpc5.csv,3.405759162303665,382,3.2145853501129396,3099,1.059470753260295
