CSV.file,ZTTol_A,A1,ZTTol_all,all1,density
UP¡¤IVH_1d_1_50¡¤VL_CA3¡¤Fyn_Thy1.csv,3.9385245901639343,244,4.196285622798591,3123,0.9385740019139235
