CSV.file,ZTTol_A,A1,ZTTol_all,all1,density
DOWN，IVH_7d_2_110，VL_I，Col9a3_Mag.csv,3.888392857142857,224,3.8058608058608057,3003,1.0216855149181907
DOWN，IVH_7d_2_110，VL_I，Trf_Tfr2.csv,3.5044642857142856,224,3.423909423909424,3003,1.0235271591130128
DOWN，IVH_7d_2_110，VL_I，Trf_Tfrc.csv,3.0892857142857144,224,3.897102897102897,3003,0.7927134068187645
