CSV.file,ZTTol_A,A1,ZTTol_all,all1,density
UP，IVH_1d_1_50，VL_CA1，Icam5_Itgal.csv,3.08,425,3.314121037463977,3123,0.9293565217391304
UP，IVH_1d_1_50，VL_CA1，Icam5_Itgb2.csv,3.675294117647059,425,3.493756003842459,3123,1.0519607304015914
