CSV.file,ZTTol_A,A1,ZTTol_all,all1,density
DOWN，IVH_1d_1_110，VL_I，Col9a3_Mag.csv,4.2,270,3.7982945227943588,3049,1.1057594335549608
DOWN，IVH_1d_1_110，VL_I，Fgf23_Kl.csv,4.0,270,4.0,3049,1.0
DOWN，IVH_1d_1_110，VL_I，Nptx1_Nptxr.csv,4.940740740740741,270,4.610036077402427,3049,1.0717358080903898
DOWN，IVH_1d_1_110，VL_I，Nptx2_Nptxr.csv,4.8,270,4.378156772712365,3049,1.0963517866506853
