CSV.file,ZTTol_A,A1,ZTTol_all,all1,density
UP¡¤IVH_1d_1_80¡¤VL_I¡¤Col9a3_Mag.csv,5.0256410256410255,312,3.739962358845671,3188,1.3437678092546834
