CSV.file,ZTTol_A,A1,ZTTol_all,all1,density
DOWN，IVH_1d_1_130，MB_TH，Clu_Lrp2.csv,3.243835616438356,365,3.1901452937460517,3166,1.0168300556083005
DOWN，IVH_1d_1_130，MB_TH，Clu_Lrp8.csv,3.8465753424657536,365,3.7710044219835757,3166,1.0200399978429162
DOWN，IVH_1d_1_130，MB_TH，Clu_Vldlr.csv,3.786301369863014,365,3.807012002526848,3166,0.9945598719809426
