CSV.file,ZTTol_A,A1,ZTTol_all,all1,density
DOWN，IVH_7d_2_50，VL_fxs，Col2a1_Mag.csv,3.2263513513513513,296,3.2922098569157394,3145,0.9799956538535831
DOWN，IVH_7d_2_50，VL_fxs，Col3a1_Mag.csv,3.358108108108108,296,3.436565977742448,3145,0.9771696891191709
DOWN，IVH_7d_2_50，VL_fxs，Col9a1_Mag.csv,3.189189189189189,296,3.280127186009539,3145,0.9722760759984489
DOWN，IVH_7d_2_50，VL_fxs，Col9a2_Mag.csv,3.5878378378378377,296,3.5558028616852146,3145,1.0090092104086559
DOWN，IVH_7d_2_50，VL_fxs，Col9a3_Mag.csv,4.719594594594595,296,3.731955484896661,3145,1.264643861293346
DOWN，IVH_7d_2_50，VL_fxs，Lgals3_Mag.csv,4.027027027027027,296,3.510015898251192,3145,1.147295950720174
DOWN，IVH_7d_2_50，VL_fxs，Sostdc1_Lrp6.csv,4.89527027027027,296,3.6922098569157393,3145,1.3258374956941095
