CSV.file,ZTTol_A,A1,ZTTol_all,all1,density
UP，IVH_7d_2_50，I_V-VIa-VIb，Calm2_Adcy8.csv,2.831932773109244,119,3.855961844197138,3145,0.7344296669768757
UP，IVH_7d_2_50，I_V-VIa-VIb，Calm2_Cacna1c.csv,2.857142857142857,119,4.032114467408585,3145,0.708596663174378
UP，IVH_7d_2_50，I_V-VIa-VIb，Calm2_Grm7.csv,3.0504201680672267,119,3.9675675675675675,3145,0.7688388706981429
UP，IVH_7d_2_50，I_V-VIa-VIb，Calm2_Kcnq3.csv,2.7394957983193278,119,4.272813990461049,3145,0.6411455786362766
UP，IVH_7d_2_50，I_V-VIa-VIb，Calm2_Mylk.csv,3.168067226890756,119,3.6492845786963435,3145,0.8681337830941386
UP，IVH_7d_2_50，I_V-VIa-VIb，Calm2_Scn10a.csv,3.168067226890756,119,3.272496025437202,3145,0.9680889456443283
UP，IVH_7d_2_50，I_V-VIa-VIb，Calm2_Scn4a.csv,4.0,119,4.0,3145,1.0
UP，IVH_7d_2_50，I_V-VIa-VIb，Calm2_Trpc5.csv,3.176470588235294,119,3.2356120826709063,3145,0.9817216981132074
UP，IVH_7d_2_50，I_V-VIa-VIb，Hspa8_Aqp2.csv,3.3361344537815127,119,3.076629570747218,3145,1.084347132817575
